rank,address,quantity,value
201,0x903c43553f5137C3A8A1bA0bc78ee7Fcb01FeE8F,"35,963.601136763631728145",16226.02
202,0x055D05dd97B167e5Ca8e48C420d20F36d2c93997,"35,921.090430565451392578",16206.84
203,0xDc0391716F261a9656530E0202a174fFb148d555,"35,623.365521675428990048",16072.51
204,0xAb749897fD166c706287B7B33DcfB5FF41Ca4ad9,"35,333.992790732585982075",15941.96
205,0x2C931a1Bee5e7C7e228e0c31457c235FDccd040A,"35,224.955249927734797746",15892.76
206,0xe5dcBE721fbbCe984e78C98b99fae3653b93F145,"34,931.570746829198278458",15760.39
207,0x3b5935d09b7d3EDa51C3520308a5b625AcA47702,"34,722.222222222185",15665.94
208,0x2936A11a23651f90Ddf42068B8241D14C2adD3B8,"34,718.21582836090802221",15664.13
209,0x2ED167Fca4C9958030A53fDDe9F08DcCC50373ff,"34,274.010401956428016601",15463.71
210,0x423D1261d335C20260282E406ff4AeEd1152dd0A,"34,044.18278955353001265",15360.02
211,0x1AD989CA0511caa74F2Eb26f8654D7e00356a286,"34,023.397539225090420055",15350.64
212,0x36CAdD40496202370a7015222c122fa6Fb2f3EE1,"33,702.177222021646963213",15205.71
213,0x97525b155533e1B47EF58307d17296E5D4B70Fd4,"33,530.81544297115216537",15128.40
214,0xb4EC5DAC9359d64759D4754aF98813fF6B360b84,"33,200.000000000000006427",14979.14
215,0x436D63fC24711ABD4D64617f2e12AC8b4CEB02e3,"33,178.24496354902792438",14969.33
216,0x8C47d4f271993497A241F30cC444c90192eac113,"32,959.353239718806810992",14870.57
217,0x9816dDE56F5B405A4ccBbF4a943B049C0B6cDe7B,"32,608.361957724916519771",14712.21
218,0xBa39BF5DB0CC53337fFBF4aB2Bd2c014f12d0aE2,"32,565.972826961366878841",14693.08
219,0x83bb781a2a2Ca1fec0350F178C911848811cC440,"31,958.766508299808103243",14419.12
220,0xE01FF44ed40070b19cC967B4F062c1B633F29195,"31,902.850688242658200298",14393.90
221,0xEe1f9E1fb0f2c431D5e195f50306f94915Ffc917,"31,523.91773159261",14222.93
222,0xA313BAF562fE10F2FAb3Ed3f8ADA211CBD209F2d,"31,319.223608701013762744",14130.58
223,0x3f19196348842e4775e7b648C3343bD2ceCD99Ca,"30,743.42889525072513605",13870.79
224,0xf3139Fb8cD748B249c4673196F0AAf1f7c4Df33B,"30,697",13849.84
225,0xF5a1cf0CF023022bfa41C48a1C5cE58b1fCb806c,"30,581.25374468859610045",13797.62
226,0x8fe6197396C519170Da33CaA50b9e04EE92B1fFa,"30,552.383965015543340403",13784.59
227,0x7342354E7Ec33296bEB444Ee02B3a59Ad1C0DdC7,"30,353.728042938723420002",13694.96
228,0x5D2Fa750EB400649c5EE4FCB524aa80cF76aBFa3,"30,000.94222920578850983",13535.80
229,0xbF10D8AC3876686Ae378DEA436C60FB88E4CD2a4,"30,000.661095847021010738",13535.67
230,0x20645E0f302E740b8b405cb782cFE719C134115f,"30,000.000005730599534982",13535.37
231,0x7Ad8FfC6d9754cfB83C2BBB483380ff35cf7F247,"30,000",13535.37
232,0x44E8Fe348B7b5F837dE5F60ea07889A2F5264199,"30,000",13535.37
233,0x04Ddf96a61C4C44731f04Df4E963F61CFE3c9c6d,"29,973.605527211459900081",13523.46
234,0x1Ac6A4e952800fe6542823688CC9F27c898F9279,"29,884.204338768916551093",13483.13
235,0xDF2ad1Aebb9A62A1b8CbBf8D7666A7A8b894178d,"29,748.797437435386666626",13422.03
236,0xd5E93009f5f2da0ceD3D3942F6b9c971492e78cd,"29,626.911113025659006909",13367.04
237,0x61b32C16B76c8Ad34c2B3697D1B997F768c58A81,"29,155.420391886713711944",13154.31
238,0xA716D3c354f3B634DD3C13585d108fBadB71cd63,"29,042.672920413237288174",13103.44
239,0xDE76254023dC9edB1D9D89DC75798b4cA0cCc4db,"28,886.856647971707344026",13033.14
240,0xEa8FF026057793d990F6B92b17212739868a0D85,"28,877.440226138521705425",13028.89
241,0xD538E4b0013B1Fe18408Af6e6a7e6022B4038203,"28,531.868376984593843257",12872.98
242,0x8afa560787CC369ad6eb802A47d25C966042F68b,"28,236.500056473006739347",12739.72
243,0x1fBcF0Df16F5b1bF8854e319f609d927b3Bf3026,"28,140.331821618370788003",12696.33
244,0x0c1bdf8557f80B71414AFeCD056A13A544273D21,"28,121.415487821907312536",12687.79
245,0xE91536c5B079B2e0cB1794Ea10f3E61872B9f83B,"28,026.410873090796582295",12644.93
246,0x251bCCB83d9dbC592d5EDF29f1227C6C5D7E193A,"27,808.859588929333132591",12546.77
247,0x134F175133f168a3deb899FCc34271456Cdf57aC,"27,777.77777777785",12532.75
248,0x4C9BcD529Df1acD2EF84c64E320DeF8f51E5A1ED,"27,529.816198139298305384",12420.87
249,0xb5Ed3CC5c2A78FaD56fF5DeBf2787CFBDE9a6a0A,"27,440.1784479980577254",12380.43
250,0xC3516742fE8a9009995f521c4e6341634411590C,"27,000.000000000000091524",12181.83
251,0xCe1C2f3F8207B9379D33F05d36d1940082b23f7E,"26,948.662922790334720811",12158.67
252,0x7E926D7f4B9361F1a553F8eb54321092930EF401,"26,470.663828143404934617",11943.01
253,0xAfCA197DEF09c1BFd546142a1B3FE677aEBa8494,"26,291.366749250330809011",11862.11
254,0xCA2bC393f36CB1a4A25f82AC735e395D15313C7A,"26,000.000014336134421369",11730.65
255,0xD62B29617F081775f739186C9989bAF66A8c78c6,"25,894.17642036106503751",11682.91
256,0xE582d9eA82a6D08B92d4725DD9229A5053f13Cc7,"25,844.486133068245665356",11660.49
257,0xE8b46E56BBd430E3cFA43a0B5DD67afFe9647FcD,"25,736.572771186782277808",11611.80
258,0x3A139cc0a4C5C0fbE0F0e10158Cb9b2F2708083d,"25,727.65554912",11607.78
259,0xc892417628C79053CA4A1E3c2663E769C6eBBaF5,"25,300",11414.83
260,0x23dcC42Dc87abBd903bA2E5996814f957c039D1E,"25,177.127846134299568595",11359.39
261,0xe2b4244D1d18cb9d91FE20E99962862085C84256,"25,040.716479077860862969",11297.85
262,0xd98814464F4dC980d6FE8d0B8E50C9B411bd2552,"25,000.00000591152759149",11279.48
263,0x27d3C98Aa606B39f8cEba9311c7E673a406444Bc,"24,784.958718735534653485",11182.45
264,0x3896019A872f3696EB3a78a982BcD693708fc2A8,"24,708.672419013072120879",11148.03
265,0x1928fD290D9819d8cC46cec0E95b66E1f570Ff48,"24,674.066242097614037201",11132.42
266,0x4e5B86a70BD521665EF79A5AAD9D7786Df34dd8B,"24,306.013713097900367942",10966.36
267,0xe8b55725EC121f360747CB48E2a3390A7Eb24Ed7,"24,176.817243960679703931",10908.07
268,0x3bfb6e888A32081D993e0381832b490e125d2Eb6,"24,162.547835884091106705",10901.63
269,0x69Dd8615A751952965b36B33ee948d265E64E65D,"24,120.284418530032104002",10882.57
270,0xbBb12056Bf6eEc363F63E7f574716276ff281d32,"24,083.140626513881772094",10865.81
271,0xBF82439487ECf9afF2EEe745D0aE5FC93F1Aa382,"24,021.554080940162939519",10838.02
272,0xD6993f382BaCF4dF407051Ed17558a7b86538A81,"23,985.620934031525875751",10821.81
273,0x989b5Ad6e23792dac03C308F762D07037bEf9293,"23,974.308094082619141942",10816.70
274,0xB87b997c6e08ffa29294c55B17C25c1EAa38cB0a,"23,266.711919952319472014",10497.45
275,0x65f26954F3014f4356876CB1806a56258F6965E8,"23,089.244438888050202114",10417.38
276,0xcd4E39bc20cd5fdCA33b8Ad2f3141f8E2dcF0cce,"23,023.816901212026932598",10387.86
277,0x6e9850B9f1e7bdD01ce1c80b7bb0d048EA39F383,"23,015.881576190192147304",10384.28
278,0x058Ab7606fd420F9eEc9187B09556ce607104aa1,"22,911.705542729268274081",10337.28
279,0xF35c3BcCE95Fa35741D65c57482866a2053e7D0b,"22,703.945024119461620465",10243.54
280,0x8459C9846e444670c8fFC3bFD26BBFf20CadB850,"22,654.069165096934564789",10221.04
281,0x7143252F615667640132e9a7C3d7D718BaCefE17,"22,299.58525585195015274",10061.10
282,0xe7f92D96348af8b90F3C14DfAC218f2CC7F74710,"22,096.205247939917502347",9969.34
283,0xeeC7eEc9A28d5C5fcE2345217972b2C52C78179d,"22,083.94750005420339355",9963.81
284,0x16c41c44f21dD1DE8123E52c0018F8f6014CcC5a,"21,954.2045",9905.28
285,0x39F525F0642FaA20A0bd9aF6911c3057B9E98244,"21,921.254530766568077863",9890.41
286,0x0C54a765C77A88D9CdA0BD7ad9B10422848D92Ef,"21,586.440032996861814802",9739.35
287,0x8aC04F99B29965FF561201E0edF81961D5Bb3076,"21,383.841256037920642352",9647.94
288,0xebDEf88248905A45ddBBb592dDC6e591dF89EB3d,"21,350.208691281514643164",9632.77
289,0xb85e92C404F8Ba4FfeA3248dDD16B0d533157A3e,"21,330.815550044757145559",9624.02
290,0x716759e8ab31CdB4bca2f693A979b23e6020d4Bb,"21,257.175680928746978731",9590.79
291,0x9EA60DA3d1b80445f26cB708f0d37E33107b43f5,"21,208.627643087730200714",9568.89
292,0x920c9DB7f808188CA164C164BA502da8BC9055eE,"21,206.411730976228220691",9567.89
293,0xa3B17117F104e5965e98F07fe007784F6e3F3A2D,"21,167.331348592088401201",9550.26
294,0xF07802f805d3F3d27E16474901C8875c2DCE0D1e,"21,024.847918152011317322",9485.97
295,0x436379BdD8FfeCB46e948CC863da0f6fe9574A0d,"21,000.688130815341318175",9475.07
296,0x0C86262354095Fa35A21b58af3e0DD94d0ba767c,"20,967.853851459693752619",9460.26
297,0x813125C54d72853291809659d7cCAe49705C97Bc,"20,952.530067274392610804",9453.34
298,0x3CC06bF5992c8a91e94E3A25C0326F5c9Bba8D53,"20,945.04548528305194467",9449.96
299,0xCc0D459F116830c70611273BBf50B4Da8966c5E1,"20,863.176567886651441647",9413.03
300,0x8702d38965fdf55CD7db2fF1B83EBeEab3693308,"20,833.333333330001",9399.56
51,0xD6F82502F20647dd8d78DFFb6AD7F8D8193d5e29,"213,083.730749933858573792",96138.90
52,0xa7aD472198e1F1576C3166Fd5283d6c30Ee5a7D3,"208,319.245335825203035351",93989.27
53,0x0869758884B0874c6B39878A5e7E54B01057014e,"203,751.19270110480158685",91928.26
54,0xd893d2dC0F59C7548A6336e529bCFD2Fe7853Bde,"202,696.498640212709200306",91452.40
55,0x44F1A3EC59DF99B5655C4f6298E7d1a53ED40D40,"199,390.145796592292839763",89960.65
56,0x815357244AD8AF7Fc2AC4c85d01B930E0dBDf196,"190,694.542254969919705753",86037.37
57,0x4f2604aaC91114aE3b3D0be485D407D02B24480B,"188,601.967659800380731067",85093.25
58,0xd77F18D0018297D5d2adFF1C5Ac743b7f9C56b5F,"174,240.871879430923348615",78613.82
59,0xA635269eDbDD3A988339317e2e3f81532e8eFE5b,"164,548.934617719503437299",74241.02
60,0x7867398974BDb1fe0acdE917A620368ADCF28989,"160,133.312273598402297201",72248.79
61,0x76A74a1BC386a91e5C4E78f66ddfCe660B2c0E6b,"157,414.375229000645795739",71022.06
62,0xF3Fd65AB95D1E7768aE736Fd1c4E2F0929e13741,"155,928.76640250859006793",70351.78
63,0x0E7bFd73A9163e45913dEec0b0992447b51dc995,"155,080.558447805603156661",69969.09
64,0xCb02d9b300814d7DD9e1027BBafC8eE07e27CDE3,"149,616.819298773365302039",67503.97
65,0x725A0FAE6A10F394B29381C2c51b99D435defCA3,"133,334.281352415961474111",60157.63
66,0x6bf48822df4db70cb5924159572B2e185C7EE9ad,"130,000",58653.27
67,0xb696417A40AB59919c8FF6E81F5963E108Ca271A,"129,000.704549365671908686",58202.41
68,0x3c55038248EF1b6dA65fd8d393EeCF4b6BE884Dd,"126,642.058740083271796738",57138.24
69,0x246Aa37330A82D05d3E22E3ef8f3B4790E40AB1f,"125,006.006666666666666667",56400.09
70,0x3673a15cf5566d422C15592A04944d91cd75409B,"122,578.667512194653298898",55304.92
71,0xcDf7B8E24317c725e2596371D587d53e43dd81a6,"122,252.220512800703903392",55157.63
72,0x03c220D5cf6E3bCAD20E9ca9E68FEd4f6eA3453d,"115,737.048753715507997492",52218.13
73,0x28473085Ba4aa761Eb541914F50A75Dd685cD47b,"113,209.853093281150242724",51077.91
74,0x5565d64f29Ea17355106DF3bA5903Eb793B3e139,"111,458.919113909002478467",50287.92
75,0x6Ef38Cf359d176f6d2Ff2373CF554a4a1A84D474,"109,158.627569116040596038",49250.08
76,0x8345D79761F5996543ceD099390539775cAc6A2d,"108,396.474636171280674072",48906.21
77,0xF1ce7d43b81a1752FDDE4C08E38eE7a5ad031719,"106,623.415472890478524105",48106.25
78,0x3B061f47fd08C7a8aF6419BB88733A4ED8eA0BFc,"105,175.797042751126378916",47453.11
79,0xA80b1AF401314189D165D49755453F74C065e50d,"104,947.858343648688999308",47350.27
80,0x29934A52881D54AC9F7C805089cE8EC5eF321910,"101,916.128624465404460109",45982.42
81,0x3fd55fF616631A91b7E845E32C0A9f78b2C5865d,"100,174.999942866355552305",45196.86
82,0xB188dADDde4df91fD4CC4AADC5334873099D4B94,"100,129.557763782292330078",45176.35
83,0x24728765A090f63d199D8A8732c8c0211A0DCA87,"100,081.036023866397844878",45154.46
84,0x69B0682BCBe86b4B01d615646AD907A01418A321,"100,000",45117.90
85,0x6A7Ce11C69d7A4975DFB074b38C2CeCbA01C4C0c,"100,000",45117.90
86,0xF1df0B5ACaC8d7DD532c1E3Dd6409f494aA7C00D,"99,904.626826915917044274",45074.87
87,0x7168Fa30c0839F996f6a8e52b3401D7742f00251,"95,838.447213584667140177",43240.29
88,0xcCA10c95672485E8701f67Bd650253285DD395e8,"93,151.010104431738774844",42027.78
89,0x80B603bCE2D8Cc3acb43B6692514b463a16FB425,"91,876.482176587074859409",41452.74
90,0x62494668b9e549c58ED8393cE87831c54FD0Cf50,"91,523.268116881110448356",41293.38
91,0x0625b15a34D0F688F60Cd86Cec59B35568461F64,"90,140.851355048765818349",40669.66
92,0xa6c883E2dde82FbED20e025BD717a6B7F34f5E6E,"86,814.636837839170291656",39168.94
93,0x24cf611443C48743Cea5E1211833E1F48C555dCe,"86,136.37697793060954053",38862.92
94,0xf6454Ebb7b6E8156e269a4ed8347C01b4354A74f,"85,784.524186747233652587",38704.18
95,0xB243D4aB800A44fd9d22F0F237f14b28176e815d,"85,020",38359.24
96,0xa92b33Eb87Cc25EB421253da45F8522bb31A9716,"84,529.555322286739021285",38137.96
97,0xc86ec05dd755601B644C80bC5abA49F8AE793CD5,"83,842.247213469010367134",37827.86
98,0x13A4d58ccB2C55060A5f3812676558f20955E22B,"83,333.3333333333",37598.25
99,0x96f5B56b72450f41834F8bF7e14987C386140B32,"83,333.33",37598.25
100,0x27547deF81EC5d07A13A9F6a38b3f84765A4eEa4,"82,178.656510675188831886",37077.28
1,0x11986f428b22c011082820825ca29B21a3C11295,"19,642,718",8862381.86
2,0x0361B7951a96f88025c17E5f6BA151e597D1951D,"9,788,698.351732653559375104",4416455.13
3,0xB2d1464Ae4cc86856474a34d112b4A2efa326ed9,"6,934,055.71673903461144355",3128500.32
4,0x7EE4b5dbc4b97C30A08791CE8601E695735960dB,"6,641,292.943188092194287915",2996411.91
5,0x8843ca4ADFc80E331164C3531585436cce739af1,"6,120,249.955565854871304448",2761328.25
6,0xc29681Ab980F5779381194Ec75f27c6d742e2120,"6,116,927.010197040274980295",2759829.01
7,0xb1183C0d4ab7693eEBE3B6B2C19d6b46f6e79654,"4,000,000",1804716.00
8,0x0b761403fdc1E7CD8763cCd89D0b269AcFDc4926,"3,121,346.96346545603806676",1408286.20
9,0x9A56f30fF04884cB06da80cB3aEf09c6132f5E77,"2,706,856.21853028673690937",1221276.68
10,0x79B9d3639423301ADE4f9F13F026DC2E134d7AF3,"2,507,845.242736195681794661",1131487.11
11,0xD025EC90f7cb9d9c7679B288Eab4564eB7C2c956,"1,700,000",767004.30
12,0x62153D336C71B4F31D746f12dAF348Be684a594d,"1,700,000",767004.30
13,0x30B04435E1A54dc2Fc711609274a52046A338B1f,"1,700,000",767004.30
14,0x99655e21288c01465191aFa0e4629d012C39a2db,"1,536,963.971416888065259351",693445.87
15,0x921aC8D60471CC15deE79FF8B7D0eaBdCE1f0A89,"1,532,270.246339167268067774",691328.16
16,0xF3fDcfbfdB96315FC628854627BDd5e363b3aDE4,"1,134,561.501344154565632359",511890.32
17,0xd282232463d50D54ccBcCf0Edc5c7562ae47c1e7,"970,819.460931091010252484",438013.35
18,0xddF68CD963A37f7C2a1b0bfcdda489C03F57c6C8,"773,207.322779566555987805",348854.91
19,0xEB3CadDe330a4AA3D627F666aEcdD6F65208B19F,"749,237.341533892341029776",338040.15
20,0x4d61EE0b2dfEC44a24Cf7dBf63A7F5151194239f,"646,418.647560639853610372",291650.52
21,0xa499Bb05e4D111a947999ECf72E19dc3e82b11DF,"578,843.295881275033905351",261161.94
22,0x3a7992205675353581e0c4d26714F957a5c0F02b,"536,825.131277730121115374",242204.23
23,0x4a7C6899cdcB379e284fBFD045462e751DA4C7cE,"505,038.392151253958441241",227862.72
24,0x6971E7a0Aa38Da9B82Ca47696fA8760D1dC684E2,"434,897.513797753088394264",196216.63
25,0x7A5ba4A01D7671a474f8a1ea755f8ecb6e8af44c,"427,480.715153085966915032",192870.32
26,0x3aBcB5d5FB4044620c319bB63c5540a04e024AA1,"423,019.484242678665869734",190857.51
27,0x0E1f909d472a38057Cca0e9ac093952F0Be9b0b4,"401,357.245266403331361692",181083.96
28,0x9bb5325CD279EF9AB2eE5458E0D5F5EcEEb81861,"400,000.752738145605269457",180471.94
29,0x7aC10d7E72d26d53e3ad791bDc5bBc6358503F47,"386,000.49421385224142136",174155.32
30,0x2a0Bb2410206c0b8a6bC77A6E246b55Af7E6476a,"374,113.28845637052660638",168792.06
31,0x5b2D34C26B5eb7388F54a3E8D4bE3Ac24E7616f9,"367,249.058947819246333598",165695.06
32,0x183af8D6C7DC66Df904fD5E2076131a74d59EA80,"359,005.159320981019914831",161975.59
33,0x494829Ba9c96bCb46B14458268c92A42b6C608b0,"356,984.757951601913869993",161064.03
34,0x08ef1a3a2428c7a0ca92fA248B012f07F676BA95,"350,816.224646571382592107",158280.91
35,0xF05e0a149e4ab0253aA5e1575302E721d02369C0,"342,176.236218903498077393",154382.73
36,0xaD1aB0557f357EC6357Af51d8d0f23c115aF7832,"341,076.831196468782043078",153886.70
37,0x3ef7F3399d154f847f1bB862cCeE6814B64823cC,"317,302.106462460609135516",143160.05
38,0x078E88E465f2a430399E319d57543A7A76E97668,"295,112.681430746788388642",133148.64
39,0x72a845C409951C7464e5764DA655a69Fd82Fbd8c,"293,584.739901413741566269",132459.27
40,0x54BE3a794282C030b15E43aE2bB182E14c409C5e,"293,326.049044512503342785",132342.55
41,0x2feCFb303f9a6DAD5a47574C68A3e00F108cE176,"264,981.483623200897599664",119554.08
42,0x549e6dd8453Ed87fCcdcf4F8B37162b10Edc0533,"256,833.995267172564894396",115878.11
43,0x6E4B5F1aB93a6094e32c677c70a3cD4ED60dC5C3,"250,739.992564168907351432",113128.62
44,0x56B1A20D0F78834CF69AaCF5b33D9Ab198089ff5,"250,001.777777778625",112795.55
45,0xB62b3777D8288918092019DCae1cdAc6c16fBD3C,"250,000",112794.75
46,0x1b5b7b514771beEc3c83Add7E0165166dBc77320,"246,381.5686303291735079",111162.19
47,0xA525883496B638aD4bdcF16F8e0FaC70c0420c92,"237,171.349137174478803522",107006.73
48,0xF21fCcb3DCf30509fd878D106cA3126207D4cb0A,"229,688.426224884862959987",103630.59
49,0xb0af3615276C46D0b2bED02ef50915B5AE62F83E,"223,659.894467605199159761",100910.65
50,0x461e76A4fE9f27605d4097A646837c32F1ccc31c,"223,505.822568781562738927",100841.13
151,0x21Cb74dD26fE253ea49f9152e74E55ef6A0B820C,"50,232.436637219421131389",22663.82
152,0xba9859789dF11c4A7a0043368b94C104dA01f98b,"50,000.000008784897266472",22558.95
153,0x0dB153840480127faF4Ac442A8e6398BeEA7A38d,"50,000.000003631066714477",22558.95
154,0x8BBae6de836155f1FF5b6BC5026BCF0D6927E5b1,"49,970.234458902418854829",22545.52
155,0x19FbAE5df9e3cAe07E05C6BcFee5acb27EB1B985,"49,809.77087242193706753",22473.12
156,0x90B7aa57f8247fEc0D7a192b8db506049bfeC194,"49,004.572729716123562721",22109.83
157,0x4D1EFd9DEE52683d946D803770346D51798AfFe9,"48,334.223258017888443772",21807.39
158,0x352089f5B9a4281f3AD905dc03764f4B598B4139,"47,170.356686171329171628",21282.27
159,0xC9124462339FEE9d10Cf0307BF0d247f072C6c9c,"46,736.488548365037016257",21086.52
160,0x44CF68207a9B1e2b0a2164aFf9ef1B256e0bF01F,"46,555.680106865068078579",21004.95
161,0xcfedEfD58c2268fEE2b380F6cF58e594B3eef570,"45,675.793557055261064235",20607.96
162,0x88C1ae2EaEAD3e4B753fA0734668c87De0718F49,"45,649.474553392310790379",20596.08
163,0x512759b64EeEE5a8e2DD91B548535e98cb3a78A6,"44,670.226090971170828009",20154.27
164,0xFfd4fb20d9A6a5A40BD66253f55894CC09e03f91,"44,466.936112582114630986",20062.55
165,0x7850FABA7Df7E8eFa31D4D9242Fd76542e9dC0C2,"44,369.467722816805784638",20018.57
166,0x23a5ADA4eDcB1f757c51728Dd3A99aCcEa0a9d55,"44,192.178470461290726111",19938.58
167,0x090Cca15Bf83a39bb848Cbcde8ed5b26BB67d992,"44,047.31209969111855661",19873.22
168,0x01aF9f2744b3e1C1D7048DdA659DD5c87a4ECB28,"43,988.237476",19846.57
169,0x3B2291D6Bf7961C5dD21b1eB53B70b6B4b122096,"43,696.571190581148186984",19714.98
170,0xcBE0123f13665783214dbAA4E35Fb761FF13d096,"43,629.865312826910117714",19684.88
171,0xdC7937cD21d7BaFF6F1A78fc511994D2734e38B4,"43,590.227335071258593959",19667.00
172,0x0d5A99895CF99d382161F189d6584e4A33FB4b0C,"42,805.37095115683",19312.88
173,0x4a1D652Dfb96eec4cF8b7245A278296d6FdE632A,"42,638.173081291108502949",19237.45
174,0x5702E688A3ce10b61b6b5cf22c7fC06A0583E7EB,"42,239.752369297257001021",19057.69
175,0x58D2a458f01D8B4926bBb2F1d5c4F00043F25585,"41,943.460060231590068786",18924.01
176,0x773F303fDF2b44Ade231356c8Ce4ce2E42429556,"41,666.6666666666",18799.13
177,0x4622c858decedA4D28a0FAdF5E6ac17826aA73A4,"41,666.6622",18799.12
178,0x4644969512f31Bd45719fBc5D46Ce80a4c7311C3,"40,914.802345176643800118",18459.90
179,0x0c0cf3C7B792c133aaFC5B448DC28A817E436354,"40,509.363430825912866483",18276.97
180,0x29b3340f6c8E292a65Ab5067632fe7E65FCb7B12,"40,426.167171013795138273",18239.44
181,0x6785eA2D32CEdFE3E9a442B5823c22A4f95cbeA9,"40,265.421247276640940842",18166.91
182,0xF0158a2DB0067D0315cDe1CBaCfb45A072ebC4DD,"40,081.684067466893206367",18084.01
183,0x1976A41c1af3B87350DE40abe1c5c56340D708a8,"38,953.102991249742743448",17574.82
184,0x39Ce199b0699891409f5EDB0DcfFD2174e7E791d,"38,797.277404147724818326",17504.52
185,0x391891Af67E29D97E61E30C3036a0874F5Da411e,"38,629.499041471500326274",17428.82
186,0xb48326F809D8F41378e2810AB3e88800916d26f5,"38,527.278711664012687209",17382.70
187,0xE99cCF02E3A3671cE4E3c176ca10A17C7C0Dd2CE,"37,897.920936426858892614",17098.75
188,0xbC587539Fb294283C1cfD5aFF188024E23edfEB0,"37,533.796298096343041818",16934.46
189,0x02F8195FC9c13371135710fF5551610f90CF5b13,"37,529.758413546980245807",16932.64
190,0x588cF3AFDfAd557168D15d377757c83856E6Ff12,"37,392.491839376091870452",16870.71
191,0x22268940Da26eCdf6Cd92Ba589856CC03Fe40ba4,"37,307.094588989218095702",16832.18
192,0x76Ba0Cf87085BFB37f14A2D5F507A7f5b91b43F1,"36,814.46773138408609497",16609.91
193,0xe2d72B04AF0C84c8125793D007753F245FF52490,"36,765.584675998434112694",16587.86
194,0x9C52A8d93dCB9e00FF6d439070f4Ad0C4169a764,"36,733.250940937465656045",16573.27
195,0xa24CaF14EEBc10CE331A9312a9Da2aDc61f93eA0,"36,582.431368103882024404",16505.22
196,0x707ACc9693237C9f6F200C3bf7C114803a6FC10F,"36,413.095477563754740025",16428.82
197,0x81E377017494A66C0c6da0db79435334bB66bd09,"36,342.406085002186550797",16396.93
198,0xa3a9dF28cF6bba59254cb1c440cBBC27d0cB65d6,"36,138.204173558893626805",16304.80
199,0x0b3B7015BDD72B4d5930c31Ffc228bACea89d931,"36,132.38706132814250873",16302.17
200,0x46f39331B07390a341d9dE0E01C291F0940f58b3,"36,084.849831131286780808",16280.73
351,0x22736A161d9A9d7733F72B6e6520B3594a421fC3,"16,814.536769555345025799",7586.37
352,0x35ACB87DDb5ddc0Bad487C8c4c6133474C878840,"16,750.139496744783689058",7557.31
353,0x96d263c98A6Cd4867adc01E84C1B3EF77e3e9036,"16,688.000003957754060864",7529.28
354,0xABdFd8f1571F5784f63b36EBf0AC6dB21d9701ae,"16,672.456625617223441193",7522.26
355,0x4ea0508BBbd01d0c1a2f042159866a170488325a,"16,666",7519.35
356,0x405a2527b2EC97764D79Fece3fCbaB396155d179,"16,641.306881727357141033",7508.21
357,0xcF7105FDE573695D62666aeFa4e1691bf3Ab50d5,"16,567.132465227612151673",7474.74
358,0xF23403F97d06dE736473cd4A446959E1CDb41300,"16,538.463437659178735552",7461.81
359,0xe0d58385e77f5DB559D84E555459305E5369C89B,"16,528.637620777736719444",7457.37
360,0x571b398a7Ee17c5814F7Ee0cdfE1f591A4553485,"16,290.651394031562383752",7350.00
361,0x624A7a7A03Db1750802e97a4cc04a87Da01dC5Bd,"16,250.969015488582819073",7332.10
362,0x2079a8E8D455e00eDa95D4bBA2B8285A0028483A,"16,098.117653088919151831",7263.13
363,0xDFe61909292517C5634d87125258d2132285902C,"16,080.189612353354736001",7255.04
364,0xB9B691A11b641d3900f067448468aBc2Eb81eb8e,"16,080.189612353354736001",7255.04
365,0x89b754dF9d2bD896D7d34fDE97c0c6D3d655CC78,"15,999.9973333333",7218.86
366,0x647008DEB5516E8f0000AF434285d9247e7Ef15f,"15,985.604113216997806607",7212.37
367,0x1724587ca51042AEa7c2488dB83bd89c018F1C4C,"15,958.094586164746923598",7199.96
368,0x191489C19c488559649b717aE3C1e4b9DADA1389,"15,841.494344544597910439",7147.35
369,0x52C3aBCe8b3FE84fe8871A4aC3Ea032D5589fe05,"15,675.1079366144559952",7072.28
370,0xF6bF1b42B30F026f207EAA0a643372a5871Fca2d,"15,656.563732502194682194",7063.91
371,0x8c8B7ccE1b3C7cdD9fC90Fe50298415ea7394D2d,"15,642.983561874218908426",7057.79
372,0xe4E8f69769d071A019c5E36186aF39D8EaB69B8D,"15,496.497356715467932319",6991.69
373,0x90F72207bcddD226d16b86d499fF276E82353817,"15,357.399146262349255389",6928.94
374,0xDb10d21f28a34FD04E4425eac777483798f7e217,"15,357.102255022468175835",6928.80
375,0x281Edf6Ca486C676bC107E1630De935705174417,"15,233.014308846058026153",6872.82
376,0xEc4fc7C40e14Fa2A835692B2c02F9625Cb5bD61b,"15,226.524040776650376186",6869.89
377,0x85175c85364c9C164Bb8E98Dc411dF65777c63b6,"15,162.305387821029194355",6840.91
378,0x3f09BA13C9955f465D266fBa3A7d568635AbB402,"15,139.67567420359387034",6830.70
379,0x99a811E5c62ADD613975456292F836115AEa0164,"15,044.96673546514",6787.97
380,0x9a0519E68974E99f0AccbbA8d19E1ecA53e4d14a,"15,000.002664265080736329",6767.69
381,0x7464bca68348FA53dF881771b980B32202909afB,"15,000.000001801152685717",6767.69
382,0x4A2a8292A7b3046288fD8b71800d7d00deD2C898,"14,980.094806176677368",6758.70
383,0x25752c333e544a13A2b4887b5F5488817c28f2c9,"14,780.54308805718655352",6668.67
384,0xfd1aDCECC011eC0984AA8F1721189a2783F89691,"14,774.994372193689257601",6666.17
385,0x266B0faD82DAeAFBcFDF95B3c71B8c43dc5C3039,"14,727.583347968979273424",6644.78
386,0x26aB04Dd2D2C5bEA6b002dDaE173537f18425fE9,"14,702.874211229508482007",6633.63
387,0x2A6035f8d995F65A3c2A7C85Ff38CA376C228195,"14,672.296685584105651415",6619.83
388,0x238AF33cFd9e7e8e679F8eD3fCB23cA210970c25,"14,631.159996420689492893",6601.27
389,0x2d73520Bf9D25261ef4Ca6afe170021A2e4295Df,"14,581.417145275782078794",6578.83
390,0xAdeb80f4c63E9997bA5Db6d9cD8425217c1aBDE9,"14,538.773178151962003317",6559.59
391,0x6Df3b363B541e8896EA3797639ae7a13D39d46aF,"14,494.105302305552322352",6539.44
392,0x0F61A0F76F3041c06Cd52f827313f71204a87D9F,"14,447.590385605051427254",6518.45
393,0x782565c68A0D0E4334F7D129353a03C0891c43E8,"14,337.526174980247142147",6468.79
394,0xBEc08A5b7259564022b15A22f514Aa00Eb955127,"14,329.685274323456896161",6465.25
395,0xc0562aA63C1143d5c90a9af8a41BDd5764c6d7e3,"14,303.947032473255907401",6453.64
396,0x916D4Ed72C4ed11597738a2cF749e84d1562d7fe,"14,286.086510134598496563",6445.58
397,0x55F038B10DcB3036a0A3de8a3C3d169C8Bd59e52,"14,273.953687536917202388",6440.11
398,0x4fA3500E3953BF92C43144496b4A9e28479536f5,"14,190.945798526426621027",6402.66
399,0x4F1B4a2D5cF60240dF3035688db8CCeB97170301,"14,138.466518697795365099",6378.98
400,0x8e4fD0a080818377ADEf093D99392813c3526298,"14,124.67819125443462144",6372.76
101,0x2A012EdA71DbA59a8e47E75B8512947522a63723,"80,852.807140160939211312",36479.09
102,0x4d7d4b19281f71Ce60BB32813359c99Db99f1A56,"80,400.922092650160520013",36275.21
103,0x8096E3251b6441878a8BC68bFaD47E8CB5FA294E,"79,048.788260401322484247",35665.15
104,0x33a2Fa41d4Cc40f5e636c2027F7C8ebc8D7E565f,"76,388.888888888895",34465.06
105,0x553aAcf16E6496F2778D810Ae37352C6342bd854,"75,988.287588551602749311",34284.32
106,0xd5ea708172E38659e403caa6854dB6afca2f3385,"75,712.49567965564685285",34159.89
107,0x9874C012DA4830bcBc02C0356D32d14Cd5fa5373,"75,684.510198691479550232",34147.26
108,0x96f110fb867f893234184e6736E33F6f56561bF7,"75,000.0000003333",33838.43
109,0x568d5132D2a2FAC4D5671509Ab9D787Af54D0810,"73,915.704275199518823714",33349.21
110,0xC8D46eb7881975F9aE15216FeEBa2ff58E55803c,"73,393.631524466049996763",33113.67
111,0xe9ebfe414870284626Ff3c19fe0BC7c632581B58,"72,755.295003762343246713",32825.66
112,0x0DBD222DA08d2A5bB9d3438A35544F5D61496548,"70,367.920590316507314284",31748.53
113,0xE0324718168E02bb795370863Fb91e8818E06e00,"70,000.666582936502840952",31582.83
114,0x16cB461d27a84f3B096E4950458f8828347D0A26,"69,771.588921887794745431",31479.48
115,0x31073AF0496B3b5aF7152a175257e016ae2C4b0f,"69,388.113984898658298992",31306.46
116,0x466655cb948A1a96E3a80C760DD8cE132dEA6777,"69,298.380084802503944596",31265.97
117,0xdb4a057C4054E030e6F04619777c17CafA33cf65,"68,876.743077949518791956",31075.74
118,0xA8B900d6DF66a4410795AF6761af8C8F3E92f5f8,"68,717.016795791839976224",31003.67
119,0x1A5A70aA25e29e74a07568e5B29A58fA3A6cca8c,"67,639.52443984400476217",30517.53
120,0x19fDF9e73B5681766de900d20dca4b6b43246B7c,"66,597.000921777323310843",30047.17
121,0x776df3FCd71E6286cD133f37d0E184eE94Dd766C,"66,455.143898234805819862",29983.17
122,0x9fFE5db64b2117a42C59F7De5087391afda1deDA,"64,893.158561409712836633",29278.43
123,0xa3e8140D69764aACE2757374459D24611d288655,"63,693.518474650751362628",28737.18
124,0x41E3FE77DE1EcA115902eB058b1FB57395358d62,"62,500",28198.69
125,0x1a89E30c43295aF4cb75Cf57Cd42C5b6bB5bB61f,"61,779.161503087834209085",27873.46
126,0x24f1353e6230EFa73A9A40d2A16b7C29C65Df6B7,"60,930.685240783206012382",27490.65
127,0xA073BBf6026b8EB1dC9Ae5254973381bf1A7338e,"60,000",27070.74
128,0xc085B80a7db3BF8eA3987AdFABe3FD7e97C57FDf,"59,952.561803971337339589",27049.34
129,0xBBc744883be80443555F78C4a1D73780cE83f86E,"59,929.88803429351757436",27039.11
130,0x1A7DEf5716a0D44452Ce36D41bD48abE82d70202,"59,869.033718588228635003",27011.65
131,0x776d03f1eBAf5e9910Ece12875E2c7d609DbA9C5,"58,934.091425214643818513",26589.82
132,0xE8a6E62C0556DFd707E503e0B0EFEf0779EF6031,"57,228.055342849875816662",25820.10
133,0xe23f2A21E74d801E9C2548F94A643e4290EBa8e3,"56,647.300524262874586528",25558.07
134,0xb082DcaF5fd8411514F231036e143aeCE849e272,"56,111.983289545943879268",25316.55
135,0xB12e5e8B538591113b231a1741085ce44cAeA482,"56,004.838673881082901892",25268.21
136,0x424e32A405CEd4A785A1ca62D78CD9e0b659CfCD,"55,555.55555555549",25065.50
137,0xE6309bdEecD88734B4a9D1237Af2e04978cfdB81,"55,125.435566683684454483",24871.44
138,0xCDad9fC300e0f42ED17267C902F7658e540517b1,"54,828.677249630166915942",24737.55
139,0x0b615Fd21E7c10fCF2D1A4aeFD363fe432b458E7,"54,168.734172074590485503",24439.80
140,0x263E8982fa3FD7A295e702169DB3c94F38CEc576,"53,980.81001",24355.01
141,0x297A35B1F5f76964d0c5d0d19518Eb869Dee2594,"53,888.739414628953002643",24313.47
142,0x920C17dFDE1b38FB1a5D64Cfc712d190018cbA7e,"53,743.989988519733074695",24248.16
143,0x2385a736059a557f37Fd7b3cA6a93D979C8caFE9,"53,182.216724766646596826",23994.70
144,0x2e73a02687635fAceF7EbfE40d228d75811241d9,"53,024.38292287044300457",23923.49
145,0x3E8C6676eEf25C7b18a7ac24271075F735c79A16,"51,868.80488166773790261",23402.12
146,0x604C4365Ec2F35F01Df0470CC1d92248d6186A5B,"51,648.944986979762900767",23302.92
147,0xA9Cdf0542a1128C5cAca1E81521A09aEc8abe1a7,"51,644.474714988702572873",23300.90
148,0x97CEA6D0C2b337aa17b302c728B4076FFf628cb1,"51,058.056590015783225565",23036.32
149,0xF8Aed2F22374D3A70be8aA3675E4cEa80110EBaC,"50,740.820571231423309877",22893.19
150,0xdB2B6f8C8B14AF335d09891aaEF2C12591C2AEdF,"50,686.465768563577170574",22868.67
301,0xe9268e945107EEdc6F8ADf3CD607C1FE8A96E222,"20,526.048891",9260.92
302,0x0da96C56D53Fd5534Bc45FB88CE603aA45b841d9,"20,480.119056933492399987",9240.20
303,0x650263e4d20d90370bE77009Bc1b1afad96013EC,"20,457.107994978100897708",9229.82
304,0xB2C27ABf9820929d26998acD15Db1a226c648124,"20,427.533460748246423172",9216.47
305,0x9B29882756E35f012579468105bFD662a9968351,"20,254.568361537556563561",9138.44
306,0x5F65d38733ea05Ed6124aEbEd0350DbD8E4e3CdA,"20,194.627070293981791265",9111.39
307,0xad6EE7C40d7D80a6c404E82e77Cde5c5088E98a5,"20,100.237015441693420002",9068.80
308,0x62B1C72A763142C83B3123Ce9850a5F905f4C9dA,"20,009.022139865619015262",9027.65
309,0x8fa66b0f585A4286Ff692c66B7F19e748Eb3c897,"20,000",9023.58
310,0x5Fcc1D07334bcF2d1234d6f16D4c8DE02743c4DD,"19,678.587981793599989662",8878.57
311,0x6A6a830DB4daEfBD856d65c8dD99dceE2f99beF9,"19,668.557684213898173764",8874.04
312,0xB1e0d24262Faa7Cc956EBCd8B39bC07000B06d77,"19,642.904973987305858304",8862.47
313,0x59d917241B55A5afbba3B4f91b178C058caB9fB9,"19,567.509839431740358674",8828.45
314,0x125DBE70459b36A4C71664DcC97224EafEb4AeE0,"19,535.068274283232479926",8813.81
315,0x711ae97766D2c6E291F3F560C8fdb0F8349F3f00,"19,314.902126124970475923",8714.48
316,0x071426DE6585081128192691F26507B92FFf1861,"19,180.89299141924498378",8654.02
317,0x55Ad9a99E335a8191f49e916aBe94200eD8e4a38,"19,166.222837985152801672",8647.40
318,0x3B78e2264C87FBeC326A6E4B157784c8E3Dd377e,"19,100.6910097579132487",8617.83
319,0x60D5c495fb418617F63eE494597638848bA3EC9D,"19,015.095540003485857778",8579.21
320,0xA04baccef086742F8bC9B21fA153c686c6f9c061,"18,917.314125283368257592",8535.09
321,0xEC148E70894c31041c238D9f2f703230463f5Fc8,"18,868.139706313909310113",8512.91
322,0x12735B6bb60D15803eE626f2D11229040Fa04d24,"18,854.844320496146371893",8506.91
323,0x3ebfd799F009a5e91d897e4c1Be07FDb9458B56D,"18,534.62821666401558588",8362.44
324,0x0464a1d2B6369C56BE5f116530b0719716E7CE7b,"18,502.567460677359816734",8347.97
325,0xeB3C8443183DA126d51f39b2E393ceEbCF93c3a9,"18,500.490000758317595956",8347.03
326,0x63B9edBEDB5e4332326F49fF5D54D1C87bF6A263,"18,492.218054206357946402",8343.30
327,0xF55BcBBE27d568627d4e268038Ee74585927f127,"18,454.003659773888587455",8326.06
328,0x9FeCf056375A973308bB3D6fb6b1c230CfD21456,"18,328.416067278725483503",8269.40
329,0x6C458855194f0C3303716d2C49555565ADe5243D,"18,312.853270490468607276",8262.37
330,0x2415DBcFa425EcC02bE508859028F5311e3940b0,"18,294.330875228819241289",8254.02
331,0x775cf89DFf607F45F7b8F8e28c4cFBE00d238A2E,"18,222.805478173829064992",8221.75
332,0x7E024B06A2C5Ce3DEAb4638e29abF17CafAd4c04,"18,119.140693824709284968",8174.98
333,0x29dFD92E2D1D9731dEe199267f84aBd0c5Ed1876,"18,090.213313897524078002",8161.92
334,0x52C37EAd7E3426180cE95cEB948f099eaFb008c6,"18,000",8121.22
335,0x377DAfC7Fb5eF359A76d35eC23bC43206a7ff3c4,"17,954.848300494367677358",8100.85
336,0xFa5a95a427a92548E1F9240121eA3bcA09f882e0,"17,888.631370399830526903",8070.97
337,0x047Bc70aaD60BA58061Db5662899E20397735511,"17,682.431392446241520423",7977.94
338,0xa08B5Ae6F434EF517a2Bcb0F5F64D7Ef5AF3C430,"17,660.931115697679",7968.24
339,0xA076a676E2541dE23487e7CF62d429932A3F6Ba1,"17,611.144922993622442441",7945.78
340,0x84494Cc9a565bd8F964002177d6db4C552cfa251,"17,584.740765187137083887",7933.87
341,0x2F03E63E74a994De7909D66d224977F530cfA523,"17,442.596264468603096928",7869.73
342,0x3413E30FcC138605C31A9E8C8da097f78ed8F4C6,"17,388.010203220735719747",7845.11
343,0xd87d4A4E11d8F1ECB9f43b5A7D92f5649Ec51bd4,"17,286.203833279856341201",7799.17
344,0x1F75D5a4FfB8EB322C358f72F902525042Ae5062,"17,257.736935334948467132",7786.33
345,0xDd5a81eE4c853Db84807C212808C64Ae5aa7DD34,"17,189.803782457590093078",7755.68
346,0xd2e885A803c04ae39dDc6180dc09B3C2A438f52D,"17,153.889502646145506762",7739.47
347,0x23C56da8855b2A8778a6219840860D7514605A7a,"17,121.771474902537734895",7724.98
348,0x2DC6195443E5c55316360d99B9B7f4AbAC160936,"17,000.010753905312440555",7670.05
349,0xB6638bB507BBe58DE56095Bd16bAbd6bB770c3b4,"16,971.537468164126922716",7657.20
350,0x850b65433FF256feB55477A9bB77882d84e93D26,"16,943.479982046288881552",7644.54
401,0x66654dA8d7936A9dEf520e55f88c3A38fc2B54B9,"14,070.165910809185394001",6348.16
402,0xB40b226aBf1a4ea3c174C55bAc658b1209AEB601,"13,989.764962747418620321",6311.89
403,0x618ceF76F1721e148C4C8a350200Fd507712eb9a,"13,985.116258848187609146",6309.79
404,0x9D85b3a0C0FE07A095799baCcD6FdE84145b646D,"13,933.610548705972451344",6286.55
405,0x511c9AFDF9dB46B3c6722a90f1299B6CA24Dd6Cc,"13,888.88888888885",6266.37
406,0xF20CdD3D9b3877D685B8Fd9416A256AdcA64B5C0,"13,788.223475839674586059",6220.96
407,0x6F6ed604bc1A64a385978c99310D2fc0758AF29e,"13,718.313305477769648764",6189.41
408,0x627A43531605612CA57525597E45B66082eBee48,"13,698.128772285407414068",6180.31
409,0xeadAc459a375036621906ca78333E56B68B9BF8E,"13,668.161170500351525601",6166.79
410,0x8582ba49084c83Cf7440b45f9D244e0c339Fb7bb,"13,507.377989766222102983",6094.25
411,0xeF389e6C8af8ed83De54984C63Ed330016fbe961,"13,507.359274376817978241",6094.24
412,0x192C8CBEc1Ed0E85bd0fFa01F447cDCB94869DF8,"13,490.830537910940996694",6086.78
413,0x8401DADa1828f336B3e56528262cCe050041ddd3,"13,362.865526820494400809",6029.04
414,0xbF629A1D189e70eB935E11b12c5Ecd5C724611Db,"13,312.676555597901508125",6006.40
415,0xFdCa90bcC4010D7deB18624a531cc026b02d7B2d,"13,270.659601272992727141",5987.44
416,0x4ab5189A020CCD88F05c36De69E4d868D29C75A9,"13,257.223887956699803542",5981.38
417,0x08ff2898eEE27F975ed38fbf997df80Db64521aB,"13,198.107079",5954.71
418,0xB633F78f9b8Fd36A1e3467Df5224c8bcE0bc3402,"13,055.522515033029328071",5890.38
419,0x5e672Fe3264aB1947177AAca2aDD08a537c31c75,"13,000.000000064974858199",5865.33
420,0xfc92f989d0882AcDb4c9F263d6283064BE2fCF50,"12,992.83074233900544412",5862.09
421,0x130C16FBA261cdc795aDA6F5c90A931D173b6b20,"12,914.794638447674980661",5826.88
422,0x69ACE7363041e368616171d822086c12828E0033,"12,864.151689880081091379",5804.04
423,0x90fE8f5Ed68FFeEBDd0ccee552bCf503A654962D,"12,742.267280946090453171",5749.04
424,0xA526a512b0aCC34E000755BC140Cf6Afd24Fb723,"12,691.93803052042648934",5726.34
425,0x3A5401ea61d6B242E2e6e99553A94722a36Bd629,"12,484.874423820392427934",5632.91
426,0x4ECC47C28A27206F0e977EDFe7CFaa2604aF7E45,"12,427.399703207721120143",5606.98
427,0xA06C9b530a1e6B0692Cae6F915767A2e3FE5d550,"12,404.38234015453911054",5596.60
428,0x7043fa694D69D4f6C7ECC1B6b7d19ececb5A1DE0,"12,393.668156340985573328",5591.76
429,0x0F6f4AC9Ec68D5d33cF3863853269c55D4D477C5,"12,354.753111975333949321",5574.21
430,0x36864C29Db9d1AfB003449e795Ba93Ebc46B8E8A,"12,353.122313933022773997",5573.47
431,0x297E5c03059Bc7441985D7b2127a375Bd86F4D63,"12,341.545527481199759881",5568.25
432,0x932aAF84e1f17a83AbB4C21bd47Dc5939Bb0026e,"12,328.472295440305805874",5562.35
433,0xb78361Cb1068B29ECc12D43C85d8d6d615Dd6bB1,"12,318.15209116796049998",5557.69
434,0x21Ffcb394232eDE3533C8D73328b3Cb4F9A60406,"12,060.142209265016052001",5441.28
435,0x7723000de847d13856Aa46993e6D1d499D13af1B,"12,060.142209265016052001",5441.28
436,0xd1042637CDD71F99f3dC5877030E67f3789e1C19,"12,060.142209265016052001",5441.28
437,0x9A78Dae2cea7b181329B4dE72A46CC8f62391335,"12,000.292691201163701667",5414.28
438,0x4059C785DD86a0AFc92Af9f2d50e1709961c2d39,"11,999.641595161447786383",5413.99
439,0xCCc5FD88B742Fcb007Af2dc1213e327E537a388E,"11,990.050688040318670871",5409.66
440,0xB256b0b89578Df5aA00c9fb73bCC0d1c1D811726,"11,989.938062837444723591",5409.61
441,0x2497ecFF8Ac8DC9FA6597267806BDB2c48eDf66b,"11,985.495689699599670267",5407.60
442,0x52Ee508aC30b98344001e914D1DbcFE1B8a9ccA1,"11,977.050231125228973201",5403.79
443,0x81E962a3A20f972BADbFC6a7a20EcD8A6024c952,"11,939.540787172365891481",5386.87
444,0x7d1Cf6bFd17EBc685b18987d3337873D67f56B00,"11,923.57011829058075121",5379.66
445,0x0d1dE3b8590B8b622f784d1251A1597293cF6802,"11,796.1210341367610822",5322.16
446,0xD19E55684716435E7446c76f9BEFD538C8dD3D72,"11,773.453025003322403373",5311.93
447,0xDC050D3887e8D95b7A2f05dA2c049EC646F16eAb,"11,745.770613959325996011",5299.45
448,0x7eE89821B5619A7dB51B147B8a76Aa730aD8c46B,"11,664.485889670032012537",5262.77
449,0xD680473696d9c93bB7204e36c0038f87462864EA,"11,641.942031988711033808",5252.60
450,0xC4b6d2FE817BFa5371209198301072aDe48C5371,"11,629.582044781331037213",5247.02
501,0x78f8C78a212d64CE1148355DEE3F26a6e029EbBa,"10,000.02271627572607081",4511.80
502,0x4689589813C86253876dA483EE32d42Bd3b2efe4,"10,000.000008265897767582",4511.79
503,0xa37b7fc022B52415067197EF340E9D3F3A7eC671,"10,000.000000000000000562",4511.79
504,0x0C78f6A71092FD9306208Bb511f1Ca1ab32CDa35,"10,000",4511.79
505,0xc0980a27f43ce8281e58B00ae2593b19C5F76Bb7,"10,000",4511.79
506,0xea456727dBD569046Ac6270030610F189D551a14,"10,000.000000000000021751",4511.79
507,0xEd049e60833282b2aaeAe60fE286EbEb6ffBFf0A,"9,990.931118308021935585",4507.70
508,0x8D0f3988d864757Bb429b08DF92B93C185Bcc2ea,"9,922.628155732772927806",4476.88
509,0xEfAD991FCA18895BCC5d8A9EF72319FD65A8921A,"9,891.330357834199349341",4462.76
510,0x327C906387df22e6f225Cb8C27017F5d9d99Fced,"9,826.43879864536083555",4433.48
511,0xE15fFd4AA8bfd0c5270EF5F8AA2099Ff59d61BA8,"9,820.845322043776774259",4430.96
512,0x568229fd5EE9868D66C37F1f4C96E7fAB6ae991C,"9,806.136591061340321836",4424.32
513,0x0e26b2Af0cAd6eda72Fd0D2b39CFb4d71bAB4A36,"9,732.156997463831623742",4390.94
514,0xDa5cFBFFF4c4857D21A5Bd8FeC0d4Cd9E7cd2c08,"9,726.863131522780450972",4388.56
515,0x4f8382F3d38108128e98b621f7370179DD99E1b6,"9,717.543552179046706576",4384.35
516,0xFdF6a6807DD3BB9963f4d8B051Ab5137C148Cbe6,"9,688.314241442896228441",4371.16
517,0xbfEcA4bF544BE74b6ed3E8f56f4cdEa278dBe538,"9,669.574996566678174418",4362.71
518,0x9B7Da079e597b41023E082e8c52144503d6Ef8c1,"9,608.840437917025059144",4335.31
519,0x4488Bc1Ca94494f5f17C46Cf7be705d4ec94F29F,"9,607.047056278680973201",4334.50
520,0xBE7045990ADAD60926CD5caE97dC2D4Ef9250677,"9,554.763778461620365242",4310.91
521,0x48A755615017E9ff6AB8e1e576bC70d60be0392f,"9,549.26426759016654142",4308.43
522,0x447c3E43d795845AdD123DadB8a9918e045F0Ca7,"9,500",4286.20
523,0x8b8C94b3473b5E8a7ea36b8d76838197902267FB,"9,491.703953774992543252",4282.46
524,0x39125180D5Ed4f65F303Ab88eE4a1c08BA71B5e7,"9,473.727269166337063493",4274.35
525,0x6CDe697719d8A14e286735A90Cb0826268c69237,"9,467.211634273037600821",4271.41
526,0xFbBcA628e26F7bFe247A6705342789a21476f25B,"9,444.682314145739829906",4261.24
527,0x3f3b89F0Bf86f0Ffd3Ec7C508cEA68A7A902A5fc,"9,442.752883478444960484",4260.37
528,0xdEbae3a8b9dA315b1Bd9D1d606322c40554733E0,"9,374.577141900040483222",4229.61
529,0xa3841A8971e5982e3D9eC01b71B3F0c644fEA03a,"9,358.093574668220065907",4222.18
530,0xaAc7E338073D5a0370A2F8cab17E3a384CaBe5e0,"9,346.610212180387440301",4216.99
531,0xABDEAE49091ef9C80062897fc8a531730F01cc30,"9,310.429785552592392145",4200.67
532,0x9BB17FDeB7e4F6725034bC43B6bAac1c70016854,"9,297.66202809405650981",4194.91
533,0x308E86D2322A9AC9c6f9543fbCBD6983154ff3D6,"9,246.109027103178973201",4171.65
534,0xD63E4E01f871d851710472DeF71200471DEA70d2,"9,245.927323802745236802",4171.57
535,0xd60b4f3d51acb903875e9b3Fb12d331eBE2951a0,"9,224.827892541503960577",4162.05
536,0x5F3E998B167903DEd6B0e54C65f484f8825637fF,"9,217.097361245714096696",4158.56
537,0xf15E19479A0e94654c6c91e843A06B1e206a11C2,"9,165.9770233678584749",4135.50
538,0x47A3273cBb4f26C7E6E8c2aa8f24c90f915A79Ae,"9,165.708079041412199521",4135.38
539,0xa53ab40b2b351fA1640B3C6A2Fb339f293203444,"9,155.525378238604804662",4130.78
540,0x889c97ad4157B802b1e34b0120B49a6eDF6c6F0a,"9,140.609381772012161903",4124.05
541,0x4F3bbD0c8E8DeCF8E27E529F497a9D1d501c4475,"9,109.63427592191",4110.08
542,0x73cDdF71b29954f393afaB3E577370e7A4C5fB4B,"9,083.478257163293777324",4098.27
543,0xf8b55A66A18E04b1ba5065cb1daf0355D5527aB9,"9,009.35649338177044588",4064.83
544,0x45F7F89072d946AfC184491bb3237cdE3Ab1477B,"9,004.995495961390580164",4062.86
545,0x77b95Ac2de1D21E0C8a9a7a071B0ed17ef675755,"9,000",4060.61
546,0x751731434f10C9E093FA78D9383d4A375b7CA429,"8,984.80594590243695874",4053.76
547,0x117F40bBe0db644423bBe0331F5A7FA22024068d,"8,954.567476984713578941",4040.11
548,0xF607A84D55Ba18B80C72b259283E9EC3EF0B49cD,"8,935.506388645605315634",4031.51
549,0xff3E3567f91b7AfC291E696986aceFE93Fc147Af,"8,935.142209265016052001",4031.35
550,0xB299effB60E1B7C8AAA2C618AC583A80558A32f6,"8,927.585353793358325063",4027.94
451,0xaf8Cf53bbFCEe8CdC9435bfa1225b5d57b3e0031,"11,457.135098801765249401",5169.22
452,0xd332a2374250DeAfe87587Ff77805c2Aa05C05aF,"11,390.477442081249246229",5139.14
453,0xB46046F5058EaE68425F1a9b2d33a8F8E2eaACd2,"11,365.940263509375672524",5128.07
454,0x187a5486bfF54A82f0ABC3822016cCe2c526F40C,"11,285.692244199472107581",5091.87
455,0xE0F3A5f3064B609F7677c7B1Aa4dA0736746d64e,"11,256.132728647348315201",5078.53
456,0x525B1bB99504a3583Cef0d807ea612e01d90749f,"11,255.416701069963493081",5078.21
457,0xE4977e948a498a1D6Ef23D84a36416E1cC8DeEB5,"11,250.159027199168212755",5075.84
458,0xe2ffc157dd90C98A7813De9D3B176D81F1411463,"11,107.855485501943759998",5011.63
459,0x760AEe383c871E2b5ae59eDC1932041DD104d6e6,"11,055.130358492931381001",4987.84
460,0xe5a9271cC68404C229cA5bc5e11F351A11d2B852,"11,024.2836410123374331",4973.93
461,0xa58ec836bed49198dca130419CB72131dE57cF1D,"10,992.644533026336860291",4959.65
462,0x0871B8466c3eb7524BBAe22e76a6851C421412Ab,"10,987.556717863516421259",4957.35
463,0x95A326Ef388b2cCddCcD6ffa23496204AFd7980D,"10,971.230699645980668019",4949.99
464,0x43f7dD0e3e0f0dFA163518C8085B81a21e4d103F,"10,924.574735933525525645",4928.94
465,0xedC24C8a0B98715C4c42f23fA1a966D68d71DA40,"10,891.488969306742316735",4914.01
466,0xeD17B2afCE6252E46Bb7d10FFE156C0313197119,"10,803.717915010533467547",4874.41
467,0xFD3cA1e072ea69A9e651F6A3112Ad1C757366dFc,"10,747.275613101325606467",4848.95
468,0xB962F933d5e6918546EE473e529a46468A1Dbf83,"10,714.579172026500071614",4834.19
469,0x9D7Eec78a7c6e421905Be4f34fC8ba86a100B9b9,"10,712.665294670097003623",4833.33
470,0x1f186F97C437DA95b0EdcFA17bE7aC1fd69978f0,"10,711.543285504558553719",4832.82
471,0x3139f8B1515eF9e2b685Ce37463aAeA25c1097cC,"10,675.39668079720690891",4816.51
472,0xA1fA722196b39B3A751F54Ca0b308b4231864f80,"10,653.950271845096596364",4806.84
473,0x6384f5ea1e54c5432ED3F1a6Bab87ED4FEbf90dF,"10,560.985059564749062411",4764.89
474,0x4EfF2FA24721E69d37177B35733A07BA88ABa336,"10,555.362526832694868395",4762.36
475,0x1F1fb9753cE6E36eA69e864F76136DF2F28DBa32,"10,485.446145730815965904",4730.81
476,0x6C7E92Fe0F5f0Ec1Be1a95d1f3aea02f69b93343,"10,450.986185507180965843",4715.27
477,0x52648822B3b057678b706fA095f1eC877EaF9A65,"10,446.585753183126261013",4713.28
478,0x3A0F63bD774BA1c02f8dD3EB6B7e11ecADC489c6,"10,433.097118357956515575",4707.19
479,0xc9B9E1C2AECFdAf09c92A5033efa5Ce67dF225b2,"10,402.915897260354060605",4693.58
480,0xA92edf34b7962aA3c0aA4eA639Ce1932B6342E23,"10,390.616522762428996535",4688.03
481,0xec8a8B9A6f5cD092FA3E10fAd9FBcb3b6DF23A19,"10,385.196537075163527295",4685.58
482,0x842844d29565eeFFf6251D0D86de03Dd845Ef3d7,"10,302.539732262021853742",4648.29
483,0xa1e8a739166876845B7dEdc177989024bAB0D810,"10,285.129702254975419083",4640.43
484,0x6B1fB8786225Bee2865e79C12192bdC16b69377D,"10,251.120877875263644201",4625.09
485,0x8E7C6faaCD4C30b0ea7E1982FDc9d003E3df3336,"10,245.953277290842859863",4622.76
486,0xE114EEF5ea07Af27717567C9856Ef361D76a966a,"10,240.698004225901081404",4620.39
487,0x59fc1c116dE336527302460f86d08E6c98Fc9076,"10,220.27434576362209324",4611.17
488,0x65Bff2Aa56fb8DB8d23683916962cF3d9B4d6fD5,"10,200.474030883386840004",4602.24
489,0x9619CdC5C990299070c5E62Da5F369c8faadab6C,"10,185.627622648537046272",4595.54
490,0x2f8E52fEd5052d235ba440F928BA9B9B179F7D48,"10,172.163760079483",4589.47
491,0x21659C499e3ABEbc363B658A347A57Ba94e057c4,"10,169.305661106704631519",4588.18
492,0x790E039825403378f73d1D0606134567E3308A54,"10,160.671782387615780775",4584.28
493,0x2B5a9cf7E694492abf3A680ab7b008140Cd96A2f,"10,155.579278108714226011",4581.98
494,0x9F0B9DAaBF3CE62BE029FAde07aa108DADaB83C2,"10,102.133319910483422179",4557.87
495,0x4D2a64bEDb36A620AAcC088c58c8a77F21d3aa72,"10,067.709154856404928576",4542.34
496,0x67B8b75e1576C5727Aa4868190C37E0476854d8B,"10,050.118507720846710001",4534.40
497,0x5a4AC9DF62415f073e984DB58Dfe21e14EB8903F,"10,050.118507720846710001",4534.40
498,0x69d9C862994EE9759ffb0D171AAfDc335f2da312,"10,050.118507720846710001",4534.40
499,0x6a5c13F024c38D455b5985D8aFc47Cf88a351999,"10,024.088534938716797382",4522.66
500,0xDc4A381246357db903B6c53D1a9A9dd4fE878271,"10,004.419620675318217744",4513.78
551,0xbA4E5e5a6C1944270436Bb91104956ffc8Cc24DA,"8,907.219354848116990076",4018.75
552,0xbd101FFfAC618cc704F005315143dd63b445C5E7,"8,894.771398065982511179",4013.13
553,0xB76B5CD9E8EC79A2927545ad000581F66CCE10c6,"8,854.786253221940770557",3995.09
554,0xb8EA73f56fA4F073E5C53972bCf04599a6E1dc35,"8,831.534827314316617816",3984.60
555,0xf31a1b2773361D9f2471E01D80b7C65f09bE7d20,"8,822.912617884343568729",3980.71
556,0x991305f229054553FBacA06FFD66fb6C46Ee6c85,"8,805.833435516944120529",3973.01
557,0xaE754C946909EB42dC72bD799857b9Bb1588Fb78,"8,804.009480617667741013",3972.18
558,0x39D8cbdFC2Bc32cE22681F5b3fA00Fc5fD0CCD83,"8,802.001934965902829518",3971.28
559,0xC29657285E42F99265ff26c8eCE2716CF2b34e6D,"8,759.1464193542",3951.94
560,0x2F1B3A033606492ed22a74a57CAe4cD6Fe06c8c3,"8,739.683375203969658476",3943.16
561,0xf232D648774Cc74775C417E7Aa93250c0AA65071,"8,737.646592618184388934",3942.24
562,0x8A8d5221Ea3152C9Bc88D87Fd4EEE472C382BB0b,"8,734.005916626896083012",3940.60
563,0x16264e746748945a944e30012a07e32E72B654AC,"8,684.128118032948911882",3918.10
564,0x9AC1B88856229Ec34fE6667764e3E11B85d6D0E3,"8,683.30239067081155744",3917.72
565,0x13290D7325cD8B787df9F1F544294143DCE18be5,"8,658.195743213993676605",3906.40
566,0x850f9Cc35c5591dCe8E5F5FF8A37916a00BbBeed,"8,644.931671553258508725",3900.41
567,0xD852750cCf597A5b83f01f280a61A56B2ED2fAa3,"8,640.421226292794249339",3898.38
568,0x95CE6BEc1a8a3a074A1821299958AeE83cDaB958,"8,638.499150751337504144",3897.51
569,0x38EED3CCeED88f380E436eb21811250797c453C5,"8,633.930134797710598929",3895.45
570,0x1cf13dA1A7c42456C74e254e7BbD688D3122FF59,"8,619.41308935678331829",3888.90
571,0x1C37c3182D0bA38927Eadb1E3f92c512520E898F,"8,613.682782167458881224",3886.31
572,0x17D68E314868CC7Cc353Bf5eb2A84D930855277e,"8,600.00000001",3880.14
573,0x94b95685fadb551177Ae45688D8Aa0108769A0e4,"8,584.978680226049844441",3873.36
574,0x9491ec59760DDd92Db02106c2fa681f25194A524,"8,517.435234819386703339",3842.89
575,0x3F93129a61c0c60759a9A871DC683AE58E55209F,"8,487.040025038717295119",3829.17
576,0xbf8824F1AdB124554D94e121685774cf989B38E5,"8,477.198987960674750797",3824.73
577,0xb7Fdbe94D7B8dCADc30b2FBBdd42c0e39f61e17b,"8,453.457603225776070084",3814.02
578,0x8d452c1f4bAE385B13933c83EcFf70D74229915F,"8,444.022103916543952505",3809.77
579,0x20907Ffa9c4970F5720B95A1f88174732684441A,"8,426.059557347188765051",3801.66
580,0xefB0D9531C0eBC5d78Dc80Cf64e0f787e50a60f3,"8,420.051647370457047083",3798.95
581,0x41e19087975f97fBD86a7193e1F233A75b8d700f,"8,406.831994288893340753",3792.99
582,0x6d5AA5CeE548148c4D1B6dBCea409AF688c8fCA1,"8,396",3788.10
583,0x3E10cB6F21EB4a8C89884f89ee661032e64C4648,"8,363.493148807811524675",3773.43
584,0x6c71B3B981fF5348715D77036A83bff6a58Be2C3,"8,336.789489422101452379",3761.38
585,0xd9191FC1ae51452BDaDA1e2FDb840Ec1cDa4cB22,"8,333.333333",3759.82
586,0xad9E1e003cf610Bdf235FFBdC212E2Cf55630CB2,"8,329.297016354852452927",3758.00
587,0x297C1702D0a09147410d11c1910aE918f8F6db44,"8,320.064451813162599612",3753.84
588,0xF5b410cd0966f7f92cb83FDF462155B28f7De996,"8,258.6268081636465654",3726.12
589,0xb909c9B1010B873515CA69AA8266766A3D3f6516,"8,246.050192891803327066",3720.44
590,0x8438bc7Cf39300CA3807245b49eF9B9616b7536d,"8,244.073660409664545796",3719.55
591,0xC13E5Cf6418EdB17b1780E1e8324E65544e79B17,"8,167.617061668846597271",3685.06
592,0x6cc8dCbCA746a6E4Fdefb98E1d0DF903b107fd21,"8,150.499033000390567158",3677.33
593,0xbF0ec0dF2360005d4E6544A19b3f114a1ba00C19,"8,107.029153794601075613",3657.72
594,0x83E84CC194E595B43dCEDfBFfC3e0358366307f1,"8,072.25063539515130998",3642.03
595,0x6937936DB9baa313f8d487792e84AAA93B0c5B20,"8,049.801733095261904141",3631.90
596,0x6bCcf35FDEFBFb3F1aeb71b223140e47FD9DeE78,"8,042.372941664362529611",3628.55
597,0xB52C1fC731089AA81e9b63dF97815fC59A430c06,"8,040.094806176677368",3627.52
598,0xF845c6871c511727BAF1e0e28CAC938563086440,"8,040.094806176677368",3627.52
599,0x014d547E7B4d45c0eDEF5ee61db74C3dB040D0cb,"8,040.094806176677368",3627.52
600,0xe1CFA47175D57Ba60138485EFa5bceeFd0A2431D,"8,040.094806176677368",3627.52
601,0x8EbDdA7ABc4E9ade8f2A184D833AB87B38C25EC2,"8,040.094806176677368",3627.52
602,0x1AbBCA1BbB7BB9931aE53527018C7c364F4e4Ca6,"8,040.094806176677368",3627.52
603,0xFe7a48C2E86D9917A3912b2304BBB47bfa4839B4,"8,040.094806176677368",3627.52
604,0xD4123A5D361EAD832058493dab34210AA4a9b152,"8,040.094806176677368",3627.52
605,0xE0CF80a3B25eB470D17A7ffe028Dc42DCc2B4F06,"8,040.094806176677368",3627.52
606,0xF21B4E402626adA99D76c5206D7B797B4f9D7b2d,"8,040.094806176677368",3627.52
607,0xDd5a50776feb592A2fe0Ac725a39c6f2CC3b8f14,"8,025.737731610942298687",3621.04
608,0xF3746bE23898C7FC634b6BDD682692603d27d8c9,"8,000.000703643441964769",3609.43
609,0xBa45161d0De8A9731F51a841e45E46F557a9f5CF,"7,979.324496507371878442",3600.10
610,0xC3a50B0ae25805144e66132F938e895DCD9E26Aa,"7,955.363802024474125361",3589.29
611,0xeD2A7e8De8f10f098cA43667D7C7f8759028D29f,"7,950.7632083556538684",3587.22
612,0xc57A0BAb7355263B0a41d10BD0b61821a1cd86ED,"7,852.185158620942985953",3542.74
613,0x214DE0a79bB591C1f1Ed5e1e47D168145518B472,"7,850.322669707301067405",3541.90
614,0xC3D2095c179634cCf278db8bca88998BDF46E3b2,"7,765.906665918167907974",3503.81
615,0x47C52c9A1B9749e70244806720955Fe47a8be429,"7,758.147327721721427309",3500.31
616,0xC66829f800E314d79Fa400d6B91dBF77dF5830e2,"7,747.015552242607898492",3495.29
617,0x61E5a97Ae01297c36aa60146b0A92D701a19CA6F,"7,746.749630561026059845",3495.17
618,0x981CFBE02DbC852ce6f87A88EFC9587d23221347,"7,739.987732525104640452",3492.12
619,0xdC7aB68Eac5d5A9CDD9Ee6cB8a5499313dD8b939,"7,706.001090152731924575",3476.79
620,0xeB60E02b9bed3e4d50854C2502348E80f78c66a0,"7,695.719808708558254942",3472.15
621,0x5F90da95d4C6b24B3292cCdF7Ae652eD4cB341FA,"7,686.209218757080333058",3467.86
622,0xfBA57Be34d71fF2894AFDdcAE48dec0612182afc,"7,662.328144284462486479",3457.08
623,0x6ca6F533430adDbb76e274646119B8dA89a28E97,"7,653.288153386926246545",3453.00
624,0x8A20A7317b9f5dA4e012b5baf3A39645012aF136,"7,643.509194432110295493",3448.59
625,0xb770B954065C47D02cA91f02f0152C22082f14dc,"7,643.297359270058922623",3448.50
626,0x3C5Dd7456075B91E6CD8d75fe6c66cdeF3F79D32,"7,638.0900658678434996",3446.15
627,0x8aA197c11f8a53e0209F73AFe68E9A8E3Ae10302,"7,628.251709152800098895",3441.71
628,0x7b889039f3ff20c87360993d5669fc8D642bE658,"7,621.722893158005678104",3438.76
629,0x79D41417f6271122dd5A6C922445f6c8ebF95A88,"7,597.88959183696011276",3428.01
630,0xb170f55c7113A3B5DF8B8a4A9bBe335EEB7c6cb9,"7,597.88959183696011276",3428.01
631,0x2d27301821b05265a3f26bf6Ad10745028791524,"7,570.048182049471401281",3415.45
632,0x68FA315ee01cC9Ce5F63a3e2e631a9B53479c820,"7,536.451152593592707277",3400.29
633,0x9c89964F2B024b7876Ec552B46780aB6235FAF26,"7,511.803632364644080287",3389.17
634,0xb30aEC278bB30C5EbfDAf0b888f80cD1DC944cAA,"7,457.18793272886825882",3364.53
635,0x3C2C38ae8853a99095192512CC2e7Fa4079af222,"7,453.219724509689667975",3362.74
636,0x34d8EfCD83120fa92A98b2F420b45b775F35d25E,"7,447.915459832864940396",3360.34
637,0xfdb63e2Db85E025536157Ae2FbfD19DFfA511A9D,"7,431.837123355512820771",3353.09
638,0xBe9998830C38910EF83e85eB33C90DD301D5516e,"7,431.568903544191361808",3352.97
639,0x98877278dE1D6253532B718230A93ec13FE5788D,"7,429.433267680585778128",3352.00
640,0xcBE8B6936D48fe3520A974BfdBC6C2A97294C4a6,"7,426.880846389407919416",3350.85
641,0xc00667d8B00f35B3565A5c4458Dff1Cd718E3527,"7,408.093261409003187369",3342.38
642,0xAFb4Ee90Ed31a47a182410De73D96352Bc449070,"7,378",3328.80
643,0x88935b82a42Da065776E689a324d0d106b785156,"7,346.084238966128350012",3314.40
644,0xae56642F66d9444451305b817d313fd5C7dcD839,"7,234.83389585896484366",3264.21
645,0xF54CBF4B5A58C822d2F78dE5808CcC138ca7b906,"7,178.621299105566263535",3238.84
646,0x4Bc67ad2f21F0325568325c25DA892ef7E7958B8,"7,175.372634359212622802",3237.38
647,0x268D581bDeb1F62F03F93eB42516897702f85646,"7,134.644759559378816375",3219.00
648,0xCAe963FF178dC2D9f055A64763743e68ae2788E4,"7,118.995084519030684",3211.94
649,0xB316C05DaC09a253555996dE02d8AA32CC9AbDF1,"7,090.823327633043280522",3199.23
650,0xBb6c266aB4da4024b34558aD3421DdD47cFFe056,"7,085.431723492938004439",3196.80
651,0x429E419a10896616Ebee220b10F0309E2983f5b7,"7,080.228087741274740422",3194.45
652,0x85F0a0BB2eF4192Bcd79A20c47B26096c99a9907,"7,079.002377613364228653",3193.90
653,0xC2cBe2eAf10a6092d474E21A1a65850ccb19D169,"7,069.586451225362938208",3189.65
654,0x892e0c5Be60A5e1092e1d399020f7FD7aC7D711D,"7,066.605895165318",3188.30
655,0x9c38aE5a3CAFA26A8B45Dd4B31eFcDA1692D23a7,"6,998.00205616649748022",3157.35
656,0xA161486864752CFaE1Ab915Eb27fBD8F370802eb,"6,984.033254103070710694",3151.05
657,0xb3f4eeC5b6565f38D3Ef5462Aa2Ad2Bfbe1c2943,"6,970.198763040393701884",3144.81
658,0xaD1eaEc3dE1f57E8B4Eb0a3d18bF690B5d512dDC,"6,958.992475940237616078",3139.75
659,0xeFea490b4b67351e801A83e47c6559FE3F140753,"6,954.649487247627000682",3137.79
660,0x09d23A6C6f0779E9970460d83c6c20484C4C1980,"6,940.000000000000000694",3131.18
661,0xF39f232E7D2a8Ea8E1D9b606563c516C612782DD,"6,906.684839810052523534",3116.15
662,0x5BC3BB3dB7136e131A9bD12EB6C22B4cD0380A74,"6,892.046505973484716507",3109.55
663,0xAe6BB060fbBf0c9802CC49233330aEC8D6248e3a,"6,890.953540985801774434",3109.05
664,0x410C2b3a1db279DEdaD771B358D7C80CB1a40e44,"6,866.859336759829342",3098.18
665,0x5f68a6d5668ed93CfF69c86048A48d98897a4f9c,"6,866.668376628503917855",3098.10
666,0xC632d99d5dB032a945bcAD7c45e403453D177350,"6,841.733254989979516952",3086.85
667,0xDD9429Dc3297eE0aec6abb3E145D7d95A8eF5a64,"6,840.593062043178871468",3086.33
668,0xe04FEF36bfdFA5747797EA56D7FE9E9CDb347F14,"6,834.0805852501757628",3083.39
669,0xAe85A03216a561aA48d4904acb9AdD7C35ef371a,"6,828.702943642721711074",3080.97
670,0x289709ae1e3827efd4736Cc6B7bcCFc973d6750e,"6,786.483223997609832782",3061.92
671,0x5ddAD02FB1e60B83b4aCf7cC5BEB104e4392df20,"6,780.026504332089976472",3059.01
672,0x275B4C539F18173C093989807e11540588234Ea3,"6,735.7706041520358286",3039.04
673,0xB48470B3122ac663cb428156Fb9f3f27347cA93E,"6,721.727563725070878551",3032.70
674,0x1ac35DCC9D7521E6895B3445FFA1a9c35EFc7C31,"6,673.151313422914190824",3010.79
675,0xB1d886261aCc32A50E745066EF01F57A8bD982c8,"6,654.614341228110596805",3002.42
676,0x1C7A5084206B8B6811C6Be906CD7a3FF5dB78545,"6,623.931751147278823857",2988.58
677,0x45438a2a3fd36239DCeF8f36829b74bC176E9B4C,"6,611.087420977731249159",2982.78
678,0xC9af0cA813EC36A461753eB0eFA00E23b8Ad56A2,"6,604.4757949832281581",2979.80
679,0x94d40848908363b78c760beCfc2873C05718000B,"6,602.606249336632565783",2978.96
680,0xA28b5A10F6B1c8ba8450C0e26985Aa118b541118,"6,554.958081842590258259",2957.46
681,0xBDE3c5213b468f675ea9c5170F61B4BB03b1D9d8,"6,528.556982615462022816",2945.55
682,0x9a3bef5598b4298188f9e286ec1a87Ea6773fE18,"6,515.780467520031439556",2939.78
683,0x54551B0F935B1Db0020f5B5B19eFf43436B22dbA,"6,478.884148056968267933",2923.14
684,0xF238F39545ebF4A02E8e34B2C5A3D34D264E7919,"6,430.558319891105040904",2901.33
685,0x3fd3421fd3bb062046C30B4D2359242282953B3f,"6,419.859201491193229599",2896.51
686,0x919469E7958881bb234fcC91E45cc3ef548ED1f3,"6,395.091484648013466874",2885.33
687,0xF4f2dc480DB426eE7F97F4331b367863eFec3945,"6,381.224682570624223638",2879.07
688,0x15CEa18Eaf608E94cb9D3915329D5838833a8644,"6,381.052297406344890089",2879.00
689,0x3BA1fdF7054376439780f47aD27Af609cBe39313,"6,358.703088993349936789",2868.91
690,0xf5851672aB7fC8729DE7472dD273066b5E3B4De5,"6,357.228791498782635932",2868.25
691,0x29Dc0ac648bBaa2333B310E9E567b2b9e2818B4C,"6,332.50315540265450502",2857.09
692,0xAFb11c6A231e6066996c999D053d891FF2a819dc,"6,321.372419269536282179",2852.07
693,0x50A954e6547a5800ec981E0664a9301fF0271447,"6,267.664620053245603064",2827.84
694,0xD7E8311a47518c4f59ce3d7E3f59a1Bb0713899F,"6,261.258579504659899506",2824.95
695,0xFEe4CBac3D527712374532E45aF99fAF1DC5B058,"6,257.562634501757011609",2823.28
696,0x0b4D04967FEfaE5bbbFE6ca1290699Fc6c2a3F10,"6,231.0734747869249602",2811.33
697,0x56a930c0460aD2a76d55E91dDf442F3d66a87912,"6,226.115913328887643182",2809.09
698,0x06a18dEE6e0C07BdD46CA17F80d4134152717978,"6,216.170103490347014068",2804.61
699,0xA0e0929E3D02Ee544de534fE857481FE27fE9Cd7,"6,211.995068614411985325",2802.72
700,0xE1C16E2278B5ed608EED8cE226594f51B52cc485,"6,194.252851938212623916",2794.72
751,0xDe6d205f9Bc9339A4240f2684e8219386931e588,"5,624.538149892490785654",2537.67
752,0x126A4e56cE45ffDcb4d52966C6627a87a3138332,"5,620.683782813934907191",2535.93
753,0x3D2BC1173FD0f17816424cA2FA0996F5788109ee,"5,599.394940631694624701",2526.33
754,0xF9D8ec5f576b1b514D1deAD4D58CbbC3D7596683,"5,591.811015839233813912",2522.91
755,0x7062c69da55CA47aAF4D24fEb34456a9aA28D19b,"5,555.835269311137336871",2506.68
756,0xcd50f59eDD184bCC4e44d7CC33f12CD469519dCF,"5,537.067436424606204784",2498.21
757,0xeE951FEb08391d4AD7B435acd99838D7da1c38e1,"5,520.512991373213778431",2490.74
758,0x7f3cd5Da54b7Aaf26Fe2EeCDbc394BD4d05B5226,"5,467.327576827778762444",2466.74
759,0x4d9a9F749179f8f65794DF5688A6c3D4C8891Ce0,"5,427.0639941692572234",2448.58
760,0x4dacD85897CAb23FB7807be18AF9E232947d7dA9,"5,395.277166448153859048",2434.24
761,0x4538DDEE3A1DBEC09c6D0213895a4cd365AF26A8,"5,385.049683376988081887",2429.62
762,0x7D7B55357e74c7E279500d318a30bf449f36A252,"5,384.173960279038458314",2429.23
763,0x98EE235244a99FDE7AaDaFB0C0fC77845D9e055A,"5,382.342967953089380105",2428.40
764,0x83A372931AB133DFF6dd4C86e36038c0019517Ec,"5,380.062137723675127108",2427.37
765,0x727B11189b0c091922C5A111a95408c78514fe69,"5,356.055735548559925534",2416.54
766,0x6FDff33396cb04d3da1046994Bae29aACf72b420,"5,348.141306270824983897",2412.97
767,0xC322177505Be9c46052Fd83aA249Aef57b87Ade7,"5,345.418877735382282206",2411.74
768,0xa3303dF1b7C3cDfE996B3A54Ef38e1Dd76a47f04,"5,303.418111018564541957",2392.79
769,0x4c6514EfCd93425A70830ecfE9F9F5436DE91d57,"5,288.65376208092572251",2386.13
770,0x2762f1ADA916f16dBd81C1D156b2EF506433C630,"5,286.560173235878492395",2385.18
771,0xeBbb7A9479BBdDC750032d972C85B495F6b8bDb1,"5,253.850705676772716092",2370.43
772,0x58362A546c4476C9F74F559e66F3687843db01CB,"5,246.860962166961064349",2367.27
773,0x0B2a5Fd4F1b80732048a58C86a634060357115DA,"5,226.0616240148402892",2357.89
774,0x0aDeb2acd2Fb5D4322a78686312744766C328802,"5,226.0616240148402892",2357.89
775,0x18e35ef935F94794cb7A4Fb403A12d99A0A6DE3F,"5,226.0616240148402892",2357.89
776,0x5E5ecD8B38395e8D12B8a59a1a785A2dd6C9A0a8,"5,226.0616240148402892",2357.89
777,0x79e5BACe167EE785eBfa3F8C55ee739011d9bcc5,"5,218.108357918179903794",2354.30
778,0xB1d73d189509435D5C6f528057218378e9a110aA,"5,200",2346.13
779,0x95792A2A3D59e4982DeCB315c448C44e225919E5,"5,197.773860425185796538",2345.13
780,0x77D0D797729a76E03b51066427e24c604fF35dcF,"5,196.506659797589171907",2344.55
781,0xa56B61E5DEE77d1668569dadD699f70eAb4e193A,"5,195.118513906208988609",2343.93
782,0x940FCF215002B13f7531e2E3cbd81F7C7d2de9AD,"5,194.112764146959342",2343.47
783,0xF2008B311Df45CB362e4AaDe56B811b020E26A2f,"5,174.77239217310402892",2334.75
784,0xacdFC2b21d8a739cDb912d634f01e82573ca900d,"5,160.581456091113709777",2328.35
785,0x6C71cDD3eD6364715CA98E52fb1e7819ebC586E9,"5,151.097330246521569967",2324.07
786,0xc89FbF9Bfdd07cdca254F611D9DAa488B32CdBf5,"5,148.494902718944741591",2322.89
787,0xb2FB0cc85E6dC87aAEF5A0900b40e196E7aBf5Ca,"5,146.224482555630503259",2321.87
788,0x13aDdB9b7Cf2f933a1c993b33a58AF31B02D683d,"5,138.6183546356616052",2318.44
789,0x12c6f41ed5B067943a0346ddB7d661D789C7F6B8,"5,135.087951282951184781",2316.84
790,0x610260D2ee2E732C9b0c1C437CB61eEb3DeebafE,"5,111.490273026822636706",2306.20
791,0xA1F0cE8e4bB56427283bD21cEA00A0e543ADB23a,"5,111.438760888390578531",2306.17
792,0x190cff7582a7568BEC4Cb73d77Dfcf1Ff1fc256b,"5,110.414556660935152054",2305.71
793,0x17136144999C10439D90A2aC22386595BfEf0527,"5,102.15940659564420432",2301.99
794,0xe59B7CbA5B541201dB95F70e8FFEAc74c967F69d,"5,088.239590665372806769",2295.71
795,0x921dCF765C4a01eBe2e9C11Ab9deC31F46D5DeD4,"5,086.597440702674782659",2294.97
796,0x108Ebd880348D3E8A58E9676bA9D8d4a088B7D5a,"5,073.122277754488724095",2288.89
797,0x147B26c33d67034FE1fcb01200E74dFef098fC71,"5,070",2287.48
798,0xae5e9a6E8DdBAeF0605523f827A6E022102C8a1F,"5,062.22041332821",2283.97
799,0x296Fe45B476791c5990FD427babbf45bAda9359E,"5,062.22041332821",2283.97
800,0xe8fA61D90337126E751d5d92F3c5c4Fc6f75E2Ef,"5,059.251849834320315185",2282.63
701,0x142b37FD024944AA891D96d1B7e172681631E180,"6,154.358004826307920099",2776.72
702,0x88bff307f2dBFD1aF8B10FCCaA988A559B7569E6,"6,153.637431039751885386",2776.39
703,0x4B46F1e241838a910945a3FAC242DDf6f5d7c041,"6,148.520697364952212808",2774.08
704,0x27658c7cF8381FD94Cad53672922AF4EB7b20FcD,"6,129.041815716287831366",2765.29
705,0x8B2FD52772D1d1624F2359bD1781d8aF795dEa18,"6,120.203019628869863156",2761.31
706,0xD7EA8366eb70462f2Df5ab00f4DEaC64dd54b59D,"6,110.584210338271772655",2756.97
707,0xc38834AB06E77Feb3ced9596F8d3294b6b27f34E,"6,101.933824227080152692",2753.06
708,0xd98a56D93191a15E94BdB56c257634F41FE1EAF3,"6,100.048501204532207035",2752.21
709,0x422DCc3e0286D5435A7B6445F4f4463F6Fb2e936,"6,085.141243869016195336",2745.49
710,0x6a4590697BE32F65757D1Fd480716a73961404fd,"6,047.558310835942299276",2728.53
711,0x17f2DC722d185BE180F6AAA26e9c57bD66CecB8B,"6,042.889431744498919938",2726.42
712,0x0BE79A23E0bba015B18753141E4fc5d59030ebdc,"6,031.381391344043612198",2721.23
713,0x5301F84c6da0E8D9D0B63D2F61a6E189fd50e4fA,"6,030.071104632508026",2720.64
714,0xD2fd77369812AEF61f7e22B764442E5A1fA6dD8C,"6,030.071104632508026",2720.64
715,0x0d9afF3e88a7B1B7a9053Dacf6b4D95f911FFf9C,"6,011.419213242451286758",2712.23
716,0xcff17df85be21EA407588E9731DED9035ad0062A,"6,000.005203911792832148",2707.08
717,0xE3B62D868904c93F32718f54AB64bF4F3D1F4635,"5,975.723834977279518714",2696.12
718,0x283C1B6305099a3157cf31B5F1F87D7e2eDe8B60,"5,954.767625386096718498",2686.67
719,0xb53E092f2cF57ca97c14dD8A603f970b8a9904A9,"5,946.172715330054397665",2682.79
720,0xaf35F85a2eF1E87814d3B3a01574878a961C166c,"5,932.89824611010775936",2676.80
721,0x86B8C2CE99552A01f60a77362F32Fa231E86A178,"5,922.191653711855329069",2671.97
722,0x694D22DE6617EB4B89076439187e5a67C91b5cdc,"5,897.61249310363170996",2660.88
723,0x39e51127ED64AcBc62443B4b8dd85f9Fc6ABE917,"5,895.420661698726140626",2659.89
724,0x608ee965E95704281235c747E700bA41e39B80A0,"5,893.591888958823496243",2659.06
725,0xc2445F027e5e3E0d9ED0EB9fFE20fbB5C580C847,"5,887.686968053029823188",2656.40
726,0x6d4b047e16dE6A6FC80cBAd028e1564Ed5E03e77,"5,883.50025644673340518",2654.51
727,0x1BCaff43A8607B0416d9e71586498A16C3486F03,"5,871.748335071789998857",2649.21
728,0xC7B03A887716ff4567B02509aF02C0a7851084d4,"5,838.708412865281705607",2634.30
729,0xCf5909cFefB2aB0bB56CB770d13Bb6f40dB965ce,"5,829.0687344780910918",2629.95
730,0x6986422FBE1F62916BFA924dB535C75999c0B351,"5,825.683371680007669619",2628.43
731,0xDcA821e335fD379432ac8bA0608052412ca99C6A,"5,824.270812229274279591",2627.79
732,0xa4C7fa122f6C4D04d4099efCAB83E2E598625928,"5,820.137851671907882935",2625.92
733,0x23A1F07a451f3037C10F2B70f6AD1E4F631C9904,"5,811.379966117389547266",2621.97
734,0x30202cc3d9593f3511924C0192cD101bD393738E,"5,804.009482839507739052",2618.65
735,0x0eCddcF41754360AB129d7Ca4c8ABf220F9c32BD,"5,802.666760471578907735",2618.04
736,0xFA84242DBdd23e0C0E398C6b8F8107bd0fb4cB53,"5,771.556820643513239721",2604.01
737,0x86B25201f5bACf97768a67363Db4851E3a25f1D1,"5,761.842888414971544386",2599.62
738,0x1CFb5334fC1650fE43224FA7002146dF373cd238,"5,739.830058609597787243",2589.69
739,0x860f7718858bA97a72A879911027572f6E28c346,"5,733.25825429901360127",2586.73
740,0x6666827E8f2220dDf718193544889F3B482ED072,"5,715.695712057132293713",2578.80
741,0x15F7320adb990020956D29Edb6ba17f3D468001e,"5,712.893133770099155132",2577.54
742,0xCB1EfDf93f51013e86eDBFE8E14C48F77EBed583,"5,686.538272627305314077",2565.65
743,0xcEa7cAF8997DB47DE95A31d73C963e23Ce3Ae3A9,"5,672.928182795898516582",2559.51
744,0xCf1Acf538Fa19d575B0f2Bac2a86ACb4Af83757e,"5,648.466741659239706445",2548.47
745,0x4CE39Bd7b90194e43A379A35cd6d4ac0a4b965C5,"5,646.86497017272",2547.75
746,0x2f073494593D59f04345B04dD428B737901eEfb3,"5,642.926731963076307937",2545.97
747,0x26DE123afe9a2638D9887a441b467169bCb5d44A,"5,629.687996026617860463",2540.00
748,0x15e4F58A505146Eccb1884C8D0FDce91bE42A4c4,"5,628.0663643236741576",2539.27
749,0x56fD95fA65592cD5e717B536efd757A0AF3920a3,"5,628.0663643236741576",2539.27
750,0x25D041D9bC6eB54c718ecF536375143D069170b6,"5,628.0663643236741576",2539.27
801,0x3B68c3900C56a50e64809CF549fc3f3A3723a4EC,"5,045.081644",2276.23
802,0xE81d718454adE6929738c1458324403A8E4e42Cf,"5,041.984942785818611845",2274.84
803,0x0bD28ad213ec3cCA67f2c2f3FAb6E271840480a4,"5,028.901025228902246491",2268.93
804,0x0d2cD16375B2053fEfD02Fe7f4e23156212cd416,"5,028.540059103387565305",2268.77
805,0x9f12f0B6dda9B5EE47087414529439009280B625,"5,025.993475316747075281",2267.62
806,0x2803F400a37EC0C41a9665efe84fE4476D713f54,"5,025.772291097596298692",2267.52
807,0x8695BCDC1FC85a94C5565462f48cb2FACCC1B4F3,"5,025.059253860423355",2267.20
808,0xb520820C8cbFD7417Af4E3A2566398909F4565EE,"5,025.059253860423355",2267.20
809,0x0defa6C5230d1C966381faa4537D0111D9570e73,"5,019.715136207386273138",2264.79
810,0xA2091f370Bf0F56D014Cfd13ad86d876B434ee84,"5,000.957152754718625326",2256.33
811,0x945eD4dcC15eEC89B888fc6F02Fd92b9390F829B,"5,000.717186651626909287",2256.22
812,0x8dDc56d451E968392c2212E7A93341f6Dc03C3C2,"5,000.468714835208820702",2256.11
813,0x44f17bead0B5A44B0d7eeFa0E4Ea7E6893047aA3,"5,000.039530308398407802",2255.91
814,0x2Faf9e49CE93F41253e637Cff59296199Eac1a13,"5,000.003514743342170103",2255.90
815,0x19bf850CdF4fa31868d4b954C7f422C00cd1B0b0,"5,000",2255.90
816,0x0fCC31Add631347cA7eb187Dd6bFdB5282b843fE,"5,000",2255.90
817,0x6f3127eb30a61FAC17b705D8053C7EEAdDF5BC93,"5,000",2255.90
818,0x2f734E3f1c8f99C8E0f7F65772Fd8dBd3175F1D1,"5,000",2255.90
819,0x69b8A24edc9053b3D007710E7B986dF40a0BC7eb,"5,000",2255.90
820,0xe703AcAfB725CEBDd99762e85A37B74965C18A5D,"4,997.69644301915176572",2254.86
821,0x2Aa55008405a7Df719f188eCD61722C6aEb4262a,"4,984.85877982953996816",2249.06
822,0xd44004b0643e528A4beea3583A02446e01cebd5A,"4,980.846947764979606117",2247.25
823,0xCBAD2fD05bec13e4108C608f0f9581DBbF4d1921,"4,957.966017038001301022",2236.93
824,0xeA4bFb817f45E8DfB7eFaEc407Ea5728443097DE,"4,955.049727798617454056",2235.61
825,0xd1eC63ab51082487a7f6AAB94BF7888c78d646d1,"4,948.043699739947231743",2232.45
826,0x6ad02D849E179255ac56b89eCcD6236715ddFFDc,"4,942.744253440784132072",2230.06
827,0x2140F3B106Bf55d01Fe70134cFcfa26ea631a3a2,"4,942.655616805532648858",2230.02
828,0xd263C317f2d5E942D0d694207EdaCBca3103F394,"4,939.14504165008957967",2228.44
829,0xF7Ad7DEd6a19088F076575F36C05Ec17c572ed37,"4,938.622538696682748206",2228.20
830,0xa51DAC49449D5FDdB2Eb7F6a6Eb1D851f550e2a0,"4,932.541617993418628458",2225.46
831,0x9bAf324e0eee629eF2775AdD8BEe23454364D861,"4,923.815955179424751255",2221.52
832,0xB12468c3e1FeCbA28D3F14e4261E395A7403e108,"4,904.93408848065499863",2213.00
833,0xBec3eF697f58795B33dcBD6e6Eb8c9992560C815,"4,904.45783176777319448",2212.79
834,0xCD485a3d5C453677656AA4F03b24a6FaEde22752,"4,903.867639384751396754",2212.52
835,0x8cB555a3f1885CAa5Dd76A47DE3A9B55F4fEA844,"4,881.781891230023973086",2202.56
836,0xB6cB75060069aA8a76C86d2eB28BF1680379BeE8,"4,868.870885851085577329",2196.73
837,0xA83E84470bC2038B27BC7806D33cd0f7495c0c40,"4,868.139174697098551941",2196.40
838,0x343B899c9Ced3DFb9b7BD33610f30A435d6A3Bce,"4,858.376155355531654152",2192.00
839,0x8adDabF339c54Aa0c6e8Adb41C2CB2F1d68451f5,"4,835.631765184930454195",2181.74
840,0xA26A2117bf0eF62657366D699c2bB8d112F03864,"4,824.0568837060064208",2176.51
841,0xF67A7244460D478FC7c46ab22807347b866d7A3c,"4,824.0568837060064208",2176.51
842,0x6BAa64CBF880A5F05314A4E944f414Aa3dBec162,"4,824.0568837060064208",2176.51
843,0xF97B57C027aD79eE004AfA2a33b6DfB31828102a,"4,804.2728867578582234",2167.59
844,0x0876A1da8B485cf7FF120e87bF9ca64dB93C8f77,"4,783.27273189752",2158.11
845,0x8fbb84325A5007135b26Da3aE6a24613026e6A99,"4,780.226652487494793685",2156.74
846,0xF57D86F6bFcc76AA2C7f62616B2436C60Ad397e2,"4,779.55947200169185075",2156.44
847,0x5Be7222Ff4A516363f3879d857d20dE50797E0Cd,"4,763.790657486201594108",2149.32
848,0x775d437266975D74274d8da3AcaAC15a8AA7df34,"4,741.380934550749898436",2139.21
849,0x4EDEc7f36966F4A2a3618ce75D9E6437dEe1ED06,"4,730.77603008609292852",2134.43
850,0xFbBF5Bc719b051f448Bc20054684A46Ab08A44B5,"4,710.14739189234705885",2125.12
901,0xCebe3Af9B2d510d454EA045c2c94032400516f2E,"4,268.758679384967853277",1925.97
902,0x29248301f831BDb1A7B5F2912584FF9B9f138dE3,"4,268.62639936986",1925.91
903,0x85636Dda5e73E06b8244016b19eB824B3a7D155B,"4,257.965143368507432726",1921.10
904,0x25B157cEdD3CB0224b6C432B9b5B136EAd399f28,"4,257.850737973998481323",1921.05
905,0x96cEEd8be02C2f346c8fef7d830A24b5ee2A435a,"4,240.68130087799",1913.31
906,0x34B142358a4BF4720572cC7905C4eF70E3EB33A0,"4,232.057340457177559085",1909.42
907,0xA16B50D06F5C32A33944f3EDdF4966c51A81E806,"4,182.212866851349420696",1886.93
908,0x1e47c55702e1dE553C91EDb276A200224F493424,"4,162.177496332179039937",1877.89
909,0x6b9CFFB610c1F7bCe84A859FC397533F19814dc8,"4,160",1876.90
910,0x4B75d970824eB39811f2b7C966A34345C7E9eed6,"4,140.416778830899463864",1868.07
911,0xbAAf0548e409c0efE41F2647C5414B92c44B248b,"4,126.039911368419288466",1861.58
912,0x8594B63807A566Dc0868937215827dBEAd577fB2,"4,115.809690297199526996",1856.97
913,0x0Bf1Fd25dCbE67d0BCC5732Bb205fE14f96222b6,"4,101.870995807490547877",1850.68
914,0xEA67BC2f54921ED9f92e9c5168256B564b4F401D,"4,087.952711111945565318",1844.40
915,0x38B5EDE567eB45C078aE4bcd169b7D1D78420afC,"4,086.761731354921129172",1843.86
916,0x552cB397167d21e018505c101721A6B560D4C4fF,"4,083.433164372462765711",1842.36
917,0x80216E379dF0a0a885B44448B778C4172c392b74,"4,067.71727668257283514",1835.27
918,0x867fE13b4dE1dCeA131e9cdE6a6b4848a13Ec469,"4,067.246451466780424308",1835.06
919,0x1f3BB343f246B053FA95f3E9FF495dA564b92753,"4,060.24787711922207084",1831.90
920,0x45A159c71276a530163ad26E8A501E3f7f591263,"4,051.777614085666958278",1828.08
921,0x3738b2b10a6ba24603e61FD1624b066Fa2B64629,"4,041.192852428583345478",1823.30
922,0x76313e9f74529a6208782D12c118ef01a7337eba,"4,034.319437562580575654",1820.20
923,0x76c691D146E8447B941CAF1c25A96a4483Eb9dc7,"4,020.048189704468684",1813.76
924,0xD75CD5823e76881E48BCe0B5E2904ae5B8D8A4AC,"4,020.047403088338684",1813.76
925,0x123f54c4066672f157D695d5BbED046A9987304C,"4,020.047403088338684",1813.76
926,0x9aac44022C5c91D5F24421E34b03abA292f018B4,"4,020.047403088338684",1813.76
927,0xB31d40EB2cd0D6D06B8265e5b8Fe2dd91011Cf03,"4,020.047403088338684",1813.76
928,0x88C5b76932a1551854520E92e5fe8815528DC1Ab,"4,020.047403088338684",1813.76
929,0x917974edb0f665FC69b42Cc275eAbb3B072aAa0B,"4,020.047403088338684",1813.76
930,0x56cFe5A4Bd2dAE4C294817b2bd059F90B037384D,"4,020.047403088338684",1813.76
931,0x8f4dCbcE0D92433f1379dAa96FCf56E9979a6683,"4,020.047403088338684",1813.76
932,0xbc9007167A9Ed93185b49BbB07F3AcEC643f780c,"4,020.047403088338684",1813.76
933,0x9C94a4c40A327da10931A983C226C84f2b8DaAAF,"4,020.047403088338684",1813.76
934,0x8c5973e28Dd0Af0DDC2Ae892B8Abc2F2121929C9,"4,020.047403088338684",1813.76
935,0xf65e814C5150738c9B0a10DF5328322A2b7af95a,"4,020.047403088338684",1813.76
936,0xAC4d73514A58AB0758E5cfF550826cdC2913cfbe,"4,020.047403088338684",1813.76
937,0xd184DA13aE41b390A06d2CeB0B43B81bF6D03C12,"4,020.047403088338684",1813.76
938,0xc99326e560F15a3F2156629615fF9897C36efA7f,"4,020.047403088338684",1813.76
939,0x9A61567A3e3c5b47DFFB0670C629A40533Eb84d5,"4,020.047403088338684",1813.76
940,0x23Ad53BadD3C2E6D4F7281F92C79529b435f2fbc,"4,020.047403088338684",1813.76
941,0x9345670a52e2e6b174d3147A8e36293421E7B965,"4,020.047403088338684",1813.76
942,0x18e4351436C02574b37c3526CF3D8C2057fa3Ca4,"4,020.047403088338684",1813.76
943,0x4c1bcC8F570e9F98Fab0eAE6b14F4df6E90CB8F7,"4,020.047403088338684",1813.76
944,0x16AB25Cf7f2ee384418E1167E7F329860aC98A69,"4,020.047403088338684",1813.76
945,0x96130755B6AccA60a31a65Bd285729291Dc3d5Cb,"4,020.047403088338684",1813.76
946,0x67B378C20849C2bc2DCACf35e53E6D34a6Ab02cC,"4,020.047403088338684",1813.76
947,0xECBeAA35249976e2cb698D24eDCd58AB30F91c70,"4,020.047403088338684",1813.76
948,0x1082DA916456f4C3D36bB6147ffDEDB8ef2fcf57,"4,020.047403088338684",1813.76
949,0x0D14D35ec60994f3B9620Be6caAC9F4763cDc90F,"4,020.047403088338684",1813.76
950,0xC76d55F12df1C056c765513Eb759cda88eCc13f8,"4,020.047403088338684",1813.76
951,0x7063C2B3CF7498c2C82870a0f7d1E8788faad92f,"4,020.047403088338684",1813.76
952,0xAB930E565Cad29Ece7D143Fc81AB876c68088fDD,"4,020.047403088338684",1813.76
953,0x66BD63748a5EF18c0d1DAC14d26a8554f5233e6B,"4,020.047403088338684",1813.76
954,0x48E4130189f2aBf3c2A2a6B89A7146Da35d11d40,"4,020.047403088338684",1813.76
955,0x765205FEeDa9FDaf80e83e03B10e6F90eFB836b9,"4,020.047403088338684",1813.76
956,0xF321eD95Bbd3776a7c7d6592d989Fae98EaE4560,"4,020.047403088338684",1813.76
957,0x74E11c8CAaF6d01B5551caCAEE71BBd4406dEb68,"4,020.047403088338684",1813.76
958,0x213C47EA3198A6233F2D9d0eBe0889B76154495d,"4,020.047403088338684",1813.76
959,0xE4e26e926A5a9b7E44Fd6846a41d0cb15aB28b86,"4,020.047403088338684",1813.76
960,0x5ddcd3a54CDe0bAca2696b2Ad2712260957F0Df3,"4,020.047403088338684",1813.76
961,0xF4D7c911392dEb542fb5AFa3A147845F6e01948d,"4,020.047403088338684",1813.76
962,0x5452B61588AFb25f43b15Ac8625D11b42E490e40,"4,020.047403088338684",1813.76
963,0x63DdFd4A15bb0483b6Da4E64145682dA68A0B886,"4,020.047403088338684",1813.76
964,0x55B3206EDF167f5C7c6c143f1B299409835A5777,"4,020.047403088338684",1813.76
965,0x43AD2FCDB9F8aaE225BaBB60EF5506D50306D97a,"4,020.047403088338684",1813.76
966,0x5B03E6f32d3cCaC1F8157ed5D160A14F6952721C,"4,020.047403088338684",1813.76
967,0x65aB6Bb9e3c14D6Ac221a17FE66f01e3ce6566d4,"4,020.047403088338684",1813.76
968,0x83eF27b03CE82AcDEE0d83d88621598a5b3e9244,"4,020.047403080058684",1813.76
969,0xF563Bd1ecda5Eb54164126C285E57292e3C6eA63,"4,020.047403080028684",1813.76
970,0xC20C9e63D438A70661de3D33b54886CD4c9B9286,"4,020.04740308",1813.76
971,0x422c194FE61595a375805203b1D31A84c4653344,"4,016.027355685250345316",1811.95
972,0x8EF4428B6F255359FF3b0CcAe4E54c576C660173,"4,010.270632824550067165",1809.35
973,0x146b8DD0D321D42C8C55A14C2EC154BA1f249997,"4,009",1808.78
974,0x87Ba3C38282409e6D13156303c43DD73B264010B,"4,007.244982252254614831",1807.98
975,0x25548D684ebEFbe211eC756D59eAc32f4d38C97d,"4,000.432260147055337921",1804.91
976,0x917cec734cbd54bF2d8bBd312Cd4823384590B07,"4,000.000002794238171461",1804.72
977,0x73e0A0235D0fC29Cc5d4cA1f7bBc90D456eb87Ae,"4,000",1804.72
978,0xac4bD532d3AC39c2057812221b9a6f8860c70a2b,"3,994.217969158807393995",1802.11
979,0x9fAC90FC6a339E093fEB32D6F0aBFcefb28bCc75,"3,992.592842749008553738",1801.37
980,0xA993a14B415220B857BD650a34f739E65f45F96B,"3,991.226685795646022786",1800.76
981,0xcA845E384Da1EBe90b2dE37DE1D90A6D5398b0F0,"3,991",1800.66
982,0xE43ff4E492AAAE037DDe89114Dd1A0a6425d9880,"3,989.495042824867310002",1799.98
983,0x9b9D856B48864141924C4D92337b0D3445884288,"3,979.84692905745529716",1795.62
984,0x93A4309D94B5f05F2A2B0b3a954A5268Ac696443,"3,978.810775472434063427",1795.16
985,0xf5eafbc009E129FB17807A66EF05Ca5917bEeb74,"3,960.271253533022372571",1786.79
986,0xF61aE309A3FB27FD78e7cC7eC42bB0AF4834AE4D,"3,959.74669204201360374",1786.55
987,0x993b7a91150083380f0023D52C85E5141263635B,"3,958.921092118380635338",1786.18
988,0x025a11bD2Bb7630846647804B8639233b78f89f9,"3,947.861018523833874431",1781.19
989,0x0Cdb1a19B7cF8816Ba5b3B1fa1f0d78e5CAf7DB0,"3,939.646943845464891217",1777.49
990,0x78Cb904182b4baEBf595D5e3FCEC084C0Ab19f3C,"3,939.64645502657191032",1777.49
991,0x3ea70761902d4e4028b7135E98Aa74dB56990eff,"3,939.64645502657191032",1777.49
992,0x92FAec0E14780C3210EB10811b262730314955c5,"3,939.64645502657191032",1777.49
993,0xE48c4853bB65157359aB0fF47b67Ba04037F0594,"3,939.64645502657191032",1777.49
994,0x5c735CC79681708DE1911f96E7cba18bF3f1C7b3,"3,939.64645502657191032",1777.49
995,0xCC4128f9eC8A3A24178A5d9ECE9Ba0156787aEed,"3,939.601165172528717096",1777.47
996,0x28adbf7bD37c08965746669471A1DCEF6dc91009,"3,932.60413370916",1774.31
997,0x47509aEeeDD321CD4119C79C3032d7BD4B92790D,"3,932.60413370916",1774.31
998,0x62524b50c0e1f962Bf449c54c4943E4F234305Fe,"3,932.60413370916",1774.31
999,0xDE50D07F6c20DEFE6ACF1deAE0DBc06A141629A9,"3,932.60413370916",1774.31
1000,0x60CEEf10f9dd4a5d7874f22F461048eA96f475f6,"3,932.60413370916",1774.31
851,0x9D2794c88e065907B38bc1f36E5fdb2F7cd0892C,"4,663.259433204752629282",2103.96
852,0x115EF0E28c816C3ABebfAb10Af896fE326a1E49E,"4,663.25498758247287344",2103.96
853,0xFD2008483EdD8C33c23a8956649f0BbC5F3c596d,"4,647.954575247766378944",2097.06
854,0x4Ef7423DA78DfFFCF6d445f74A775364aea4f365,"4,636.058224138240351623",2091.69
855,0x17056E16F602f082a5c9e6C6F390eb21e752c3df,"4,635.49075210635599224",2091.44
856,0x0031fD64318B42a33966FC94f2DbF40185aCcabb,"4,630.009195558932312523",2088.96
857,0x2fc3aCe56333E01EB00B28CE1f12b0A95eE4979d,"4,623.0545135515894866",2085.83
858,0x397A8F1d33aa455058F0256BCCae9Ea1E74D6C95,"4,623.0545135515894866",2085.83
859,0x234C5366E8e361f5914df35057BAA707a70D49cf,"4,596.51422002482301175",2073.85
860,0x7206C7D6620EbD52ed29976351fC0ce09c3d5462,"4,595.509437693479342",2073.40
861,0x59a5141D511596Ce358bD01068f234dD2675b606,"4,591.658554761447014113",2071.66
862,0x89D6FE28955893B3b8Ef062882D083a9aE4a2431,"4,588.166389435014139984",2070.08
863,0xd9A371581260b61e2317496EA6e1D86167C6E51D,"4,582.85403952070609976",2067.69
864,0x4bE5b3B08E991E02f2468c7eB0888166D1089d44,"4,560.142209265016052001",2057.44
865,0x7C4cAEA7B08Ac47b88EBdCEb67A4c456e6Ec0F71,"4,558.733755102176067656",2056.80
866,0x539fC3Ce97AA48417b4b9a7659E94E245C4B68F2,"4,557.233897282761831363",2056.13
867,0xBB4A5dEA4d09DFf761222657a447A56e831640fE,"4,546.673612892911051604",2051.36
868,0xa870DDfbFaDd75E10b1e87aD7930C244c771bf73,"4,544.056083449283120393",2050.18
869,0x86Dd12A3CFE906be7d1a334ec87D8c45FdA22FbD,"4,542.65356548982271292",2049.55
870,0x5138A3d7fBfF2bce0404dd6a4f011e70E0D72d02,"4,521.626446821157083589",2040.06
871,0xF1319b5BB2Ab1C680Ed00EE4b5e5eD4fe9CaF684,"4,514.166",2036.70
872,0x6639a8872FD2e3CE487c727585f954Eb214EC0a6,"4,493.367784327959680654",2027.31
873,0xbAcc703B5D30A84f971A2Be777C472EA80CC01A7,"4,493.013684607926397273",2027.15
874,0xF035dB6903c91D89191d74376f384AD6F844b1b4,"4,493.002229675927220184",2027.15
875,0xa8baa8880369A600F43547E733Ff9e770E3b785E,"4,491.923149657569010323",2026.66
876,0xa50f60734b8e7598f295309E68Ae07a84ace89b4,"4,482.790203690581974085",2022.54
877,0x10027D8f80c1B33a07c94f79780c1d5D72A985b6,"4,478.62769871722309797",2020.66
878,0x4BB28b128B0948E9fC568d20C627E60DFEE09Ed6,"4,478.118616352610423488",2020.43
879,0xD112175D159b954C5DadB1366b4F7ad7e3d03CCD,"4,466.781229588764596986",2015.32
880,0x7B893479a9b3bC0976f155972D563644dcf5D29b,"4,462.25261742805593924",2013.27
881,0xddC60D163015CF5Ca1369D557A2ca1cC2de1F1e3,"4,458.589006660254484029",2011.62
882,0xC7efca477aFA3c8Fe231614B9DC0C78988baeB1d,"4,454.379830713896271952",2009.72
883,0xF9Cd0A480F29Ec07E03f848ccb70d5B8Cea063D3,"4,449.571931435825892631",2007.55
884,0xf0b752dD6210e0aDA2A079983233d012B3467000,"4,443.431969448097337895",2004.78
885,0x8136eFBd9593651EE58f53B9f9830D4Ec0dFEF1c,"4,437.842638188765041412",2002.26
886,0x661d3005506AEA3DEf4422606b1A31be9cef1d80,"4,433.846294270510350666",2000.46
887,0xB391Bd4aB47CE7C7aDB278189944c0bF1D05C413,"4,430.261766062838470044",1998.84
888,0xF11E795484E2915b47a42B3e456f7EEfD92Fe863,"4,422.0521433971725524",1995.14
889,0xDf944B03C168a0c4730882fCd4D3958f510095E9,"4,422.0521433971725524",1995.14
890,0xD2EAF82A4183276cBBf54A01874d4D12bC717c68,"4,418.962477652972323107",1993.74
891,0xC5B92f095216567393fa4dC526b32caA992e1fBe,"4,415.074462119562439433",1991.99
892,0x633Cb2937A7fC879Bd89D69A2B370ECea0e40bb7,"4,396.726378349471074802",1983.71
893,0xb9FF6f8a179123f70cF9c4F80A75B9e0a92463FA,"4,350.657908528146956604",1962.93
894,0x003814A176D587C13c8efE04cBD7790418388C60,"4,350.390209916693651508",1962.80
895,0x0e8083D5153d8cD7Bb77EA0121B1534AdC294Fc0,"4,341.65119533540577872",1958.86
896,0xb50EbF7012711Dc29d7f381C2762A6DD33ee719b,"4,326.091252047412467544",1951.84
897,0x3a00ed2AAa6dB8d8612ff1211CbA4973A84E6c34,"4,307.322976608785623846",1943.37
898,0x60c91962Ddd966461F6af39606B40558C48700B0,"4,299.28462733148",1939.75
899,0x7eb72DBa4c3d09B56B90E3B1a21664550c0D53a3,"4,286.12597385375",1933.81
900,0xbc0f7075fbB089B1BbBf0536a6bFFFA61b1766a6,"4,273.763057023066430304",1928.23
